Date,Open,High,Low,Close,Adj Close,Volume
2005-03-24,976.500000,1044.750000,947.099976,1008.000000,1008.000000,200
2005-03-28,1050.000000,1155.000000,1050.000000,1076.250000,1076.250000,500
2005-03-29,1085.699951,1110.900024,999.599976,1032.150024,1032.150024,100
2005-03-30,1050.000000,1068.900024,1042.650024,1050.000000,1050.000000,0
2005-03-31,1076.250000,1076.250000,1044.750000,1053.150024,1053.150024,100
2005-04-01,1050.000000,1097.250000,1030.050049,1097.250000,1097.250000,200
2005-04-04,1097.250000,1097.250000,1055.250000,1080.449951,1080.449951,0
2005-04-05,1076.250000,1228.500000,1076.250000,1155.000000,1155.000000,300
2005-04-06,1186.500000,1417.500000,1181.250000,1333.500000,1333.500000,700
2005-04-07,1365.000000,1415.400024,1323.000000,1358.699951,1358.699951,600
2005-04-08,1260.000000,1335.599976,1260.000000,1281.000000,1281.000000,300
2005-04-11,1186.500000,1232.699951,1144.500000,1185.449951,1185.449951,300
2005-04-12,1185.449951,1192.800049,1114.050049,1118.250000,1118.250000,300
2005-04-13,1059.449951,1197.000000,1055.250000,1079.400024,1079.400024,300
2005-04-14,1139.250000,1204.349976,1061.550049,1139.250000,1139.250000,200
2005-04-15,1153.949951,1170.750000,1124.550049,1137.150024,1137.150024,300
2005-04-18,1123.500000,1123.500000,1050.000000,1051.050049,1051.050049,100
2005-04-19,1153.949951,1153.949951,1061.550049,1100.400024,1100.400024,0
2005-04-20,1128.750000,1128.750000,1061.550049,1083.599976,1083.599976,0
2005-04-21,1060.500000,1076.250000,945.000000,953.400024,953.400024,200
2005-04-22,1035.300049,1035.300049,950.250000,991.200012,991.200012,400
2005-04-25,970.200012,981.750000,907.200012,945.000000,945.000000,200
2005-04-26,846.299988,934.500000,741.299988,905.099976,905.099976,300
2005-04-27,772.799988,929.250000,772.799988,903.000000,903.000000,200
2005-04-28,924.000000,924.000000,864.150024,900.900024,900.900024,0
2005-04-29,924.000000,924.000000,846.299988,910.349976,910.349976,100
2005-05-02,910.349976,939.750000,910.349976,934.500000,934.500000,100
2005-05-03,976.500000,976.500000,892.500000,959.700012,959.700012,200
2005-05-04,940.799988,997.500000,932.400024,996.450012,996.450012,100
2005-05-05,1019.549988,1023.750000,955.500000,1023.750000,1023.750000,100
2005-05-06,1023.750000,1050.000000,990.150024,1040.550049,1040.550049,100
2005-05-09,1050.000000,1057.349976,1044.750000,1050.000000,1050.000000,100
2005-05-10,1054.199951,1075.199951,1036.349976,1075.199951,1075.199951,200
2005-05-11,1068.900024,1068.900024,1039.500000,1060.500000,1060.500000,0
2005-05-12,1082.550049,1152.900024,1025.849976,1102.500000,1102.500000,300
2005-05-13,1128.750000,1128.750000,1062.599976,1113.000000,1113.000000,200
2005-05-16,1128.750000,1152.900024,1097.250000,1149.750000,1149.750000,200
2005-05-17,1149.750000,1153.949951,1126.650024,1127.699951,1127.699951,100
2005-05-18,1128.750000,1128.750000,1025.849976,1097.250000,1097.250000,100
2005-05-19,1075.199951,1075.199951,1044.750000,1048.949951,1048.949951,0
2005-05-20,1044.750000,1055.250000,1044.750000,1050.000000,1050.000000,100
2005-05-23,1042.650024,1055.250000,1037.400024,1044.750000,1044.750000,0
2005-05-24,1044.750000,1044.750000,1025.849976,1043.699951,1043.699951,0
2005-05-25,1025.849976,1050.000000,998.549988,1050.000000,1050.000000,100
2005-05-26,1059.449951,1101.449951,1002.750000,1073.099976,1073.099976,100
2005-05-27,1097.250000,1122.449951,1086.750000,1122.449951,1122.449951,300
2005-05-31,1155.000000,1155.000000,1077.300049,1148.699951,1148.699951,200
2005-06-01,1077.300049,1144.500000,1077.300049,1097.250000,1097.250000,100
2005-06-02,1098.300049,1144.500000,1048.949951,1059.449951,1059.449951,100
2005-06-03,1050.000000,1134.000000,946.049988,1100.400024,1100.400024,100
2005-06-06,1170.750000,1170.750000,1090.949951,1160.250000,1160.250000,200
2005-06-07,1181.250000,1202.250000,1145.550049,1181.250000,1181.250000,300
2005-06-08,1207.500000,1237.949951,1118.250000,1229.550049,1229.550049,300
2005-06-09,1257.900024,1258.949951,1172.849976,1212.750000,1212.750000,400
2005-06-10,1256.849976,1258.949951,1200.150024,1242.150024,1242.150024,100
2005-06-13,1250.550049,1250.550049,1155.000000,1227.449951,1227.449951,200
2005-06-14,1203.300049,1207.500000,984.900024,1185.449951,1185.449951,200
2005-06-15,1258.949951,1258.949951,1128.750000,1130.849976,1130.849976,700
2005-06-16,1233.750000,1233.750000,1128.750000,1149.750000,1149.750000,400
2005-06-17,1156.050049,1165.500000,1142.400024,1160.250000,1160.250000,500
2005-06-20,1232.699951,1232.699951,1025.849976,1039.500000,1039.500000,600
2005-06-21,1039.500000,1039.500000,866.250000,959.700012,959.700012,1500
2005-06-22,945.000000,1060.500000,932.400024,960.750000,960.750000,400
2005-06-23,945.000000,996.450012,915.599976,976.500000,976.500000,600
2005-06-24,1036.349976,1086.750000,979.650024,1000.650024,1000.650024,2900
2005-06-27,1074.150024,1074.150024,969.150024,991.200012,991.200012,500
2005-06-28,951.299988,1022.700012,951.299988,966.000000,966.000000,200
2005-06-29,946.049988,1018.500000,945.000000,1010.099976,1010.099976,200
2005-06-30,1018.500000,1048.949951,979.650024,1046.849976,1046.849976,900
2005-07-01,1044.750000,1048.949951,1022.700012,1048.949951,1048.949951,300
2005-07-05,1048.949951,1057.349976,988.049988,994.349976,994.349976,400
2005-07-06,1021.650024,1021.650024,975.450012,995.400024,995.400024,300
2005-07-07,973.349976,983.849976,960.750000,960.750000,960.750000,100
2005-07-08,949.200012,970.200012,935.549988,962.849976,962.849976,200
2005-07-11,972.299988,1009.049988,967.049988,992.250000,992.250000,100
2005-07-12,982.799988,1008.000000,936.599976,972.299988,972.299988,300
2005-07-13,1019.549988,1019.549988,937.650024,947.099976,947.099976,300
2005-07-14,997.500000,997.500000,916.650024,934.500000,934.500000,300
2005-07-15,939.750000,939.750000,910.349976,932.400024,932.400024,0
2005-07-18,897.750000,899.849976,834.750000,866.250000,866.250000,1000
2005-07-19,822.150024,834.750000,771.750000,816.900024,816.900024,1400
2005-07-20,817.950012,840.000000,809.549988,838.950012,838.950012,400
2005-07-21,837.900024,871.500000,825.299988,871.500000,871.500000,400
2005-07-22,868.349976,903.000000,868.349976,887.250000,887.250000,400
2005-07-25,888.299988,895.650024,840.000000,842.099976,842.099976,400
2005-07-26,873.599976,882.000000,840.000000,866.250000,866.250000,700
2005-07-27,857.849976,882.000000,857.849976,882.000000,882.000000,200
2005-07-28,882.000000,882.000000,868.349976,871.500000,871.500000,200
2005-07-29,857.849976,871.500000,840.000000,854.700012,854.700012,300
2005-08-01,850.500000,865.200012,843.150024,843.150024,843.150024,300
2005-08-02,843.150024,845.250000,815.849976,845.250000,845.250000,300
2005-08-03,864.150024,895.650024,787.500000,835.799988,835.799988,100
2005-08-04,852.599976,852.599976,792.750000,840.000000,840.000000,300
2005-08-05,850.500000,896.700012,835.799988,855.750000,855.750000,100
2005-08-08,892.500000,892.500000,840.000000,849.450012,849.450012,100
2005-08-09,840.000000,866.250000,834.750000,843.150024,843.150024,100
2005-08-10,829.500000,929.250000,820.049988,924.000000,924.000000,600
2005-08-11,939.750000,976.500000,892.500000,907.200012,907.200012,900
2005-08-12,971.250000,971.250000,914.549988,943.950012,943.950012,1000
2005-08-15,946.049988,1018.500000,945.000000,1004.849976,1004.849976,800
2005-08-16,1013.250000,1026.900024,927.150024,959.700012,959.700012,800
2005-08-17,946.049988,946.049988,893.549988,922.950012,922.950012,300
2005-08-18,907.200012,956.549988,900.900024,921.900024,921.900024,200
2005-08-19,925.049988,925.049988,888.299988,901.950012,901.950012,100
2005-08-22,884.099976,924.000000,882.000000,901.950012,901.950012,400
2005-08-23,927.150024,945.000000,892.500000,934.500000,934.500000,700
2005-08-24,934.500000,939.750000,918.750000,924.000000,924.000000,200
2005-08-25,961.799988,969.150024,904.049988,919.799988,919.799988,300
2005-08-26,904.049988,929.250000,904.049988,905.099976,905.099976,100
2005-08-29,934.500000,957.599976,887.250000,892.500000,892.500000,300
2005-08-30,901.950012,901.950012,883.049988,888.299988,888.299988,300
2005-08-31,874.650024,883.049988,858.900024,876.750000,876.750000,300
2005-09-01,877.799988,877.799988,813.750000,819.000000,819.000000,400
2005-09-02,813.750000,865.200012,813.750000,865.200012,865.200012,1200
2005-09-06,866.250000,876.750000,856.799988,873.599976,873.599976,400
2005-09-07,876.750000,876.750000,853.650024,855.750000,855.750000,400
2005-09-08,855.750000,865.200012,838.950012,861.000000,861.000000,400
2005-09-09,876.750000,1011.150024,866.250000,962.849976,962.849976,2300
2005-09-12,985.950012,985.950012,935.549988,949.200012,949.200012,700
2005-09-13,950.250000,950.250000,918.750000,918.750000,918.750000,300
2005-09-14,910.349976,955.500000,900.900024,939.750000,939.750000,500
2005-09-15,945.000000,1023.750000,943.950012,1011.150024,1011.150024,1100
2005-09-16,1008.000000,1029.000000,997.500000,1026.900024,1026.900024,800
2005-09-19,1018.500000,1097.250000,1018.500000,1092.000000,1092.000000,1000
2005-09-20,1121.400024,1121.400024,1060.500000,1064.699951,1064.699951,500
2005-09-21,1087.800049,1110.900024,1034.250000,1085.699951,1085.699951,900
2005-09-22,1122.449951,1156.050049,1055.250000,1146.599976,1146.599976,1300
2005-09-23,1176.000000,1184.400024,1123.500000,1173.900024,1173.900024,900
2005-09-26,1205.400024,1205.400024,1125.599976,1176.000000,1176.000000,1000
2005-09-27,1207.500000,1207.500000,1073.099976,1111.949951,1111.949951,500
2005-09-28,1081.500000,1081.500000,995.400024,1029.000000,1029.000000,600
2005-09-29,999.599976,1097.250000,992.250000,1060.500000,1060.500000,500
2005-09-30,1095.150024,1096.199951,997.500000,1083.599976,1083.599976,700
2005-10-03,1092.000000,1123.500000,1035.300049,1123.500000,1123.500000,500
2005-10-04,1140.300049,1140.300049,1051.050049,1099.349976,1099.349976,400
2005-10-05,1102.500000,1102.500000,1033.199951,1046.849976,1046.849976,300
2005-10-06,1029.000000,1038.449951,942.900024,966.000000,966.000000,800
2005-10-07,946.049988,1123.500000,946.049988,1039.500000,1039.500000,800
2005-10-10,1076.250000,1076.250000,984.900024,984.900024,984.900024,200
2005-10-11,998.549988,998.549988,933.450012,940.799988,940.799988,300
2005-10-12,933.450012,939.750000,861.000000,872.549988,872.549988,400
2005-10-13,870.450012,912.450012,822.150024,912.450012,912.450012,1100
2005-10-14,956.549988,956.549988,851.549988,911.400024,911.400024,500
2005-10-17,893.549988,943.950012,893.549988,940.799988,940.799988,300
2005-10-18,912.450012,945.000000,887.250000,911.400024,911.400024,400
2005-10-19,922.950012,922.950012,883.049988,900.900024,900.900024,200
2005-10-20,943.950012,943.950012,882.000000,891.450012,891.450012,300
2005-10-21,891.450012,891.450012,809.549988,809.549988,809.549988,1400
2005-10-24,809.549988,861.000000,809.549988,857.849976,857.849976,400
2005-10-25,890.400024,911.400024,862.049988,911.400024,911.400024,600
2005-10-26,928.200012,992.250000,927.150024,981.750000,981.750000,600
2005-10-27,971.250000,972.299988,917.700012,945.000000,945.000000,400
2005-10-28,935.549988,950.250000,931.349976,950.250000,950.250000,400
2005-10-31,940.799988,943.950012,931.349976,939.750000,939.750000,100
2005-11-01,934.500000,939.750000,930.299988,936.599976,936.599976,200
2005-11-02,945.000000,955.500000,921.900024,945.000000,945.000000,400
2005-11-03,955.500000,971.250000,943.950012,971.250000,971.250000,200
2005-11-04,961.799988,981.750000,934.500000,952.349976,952.349976,300
2005-11-07,963.900024,968.099976,933.450012,959.700012,959.700012,200
2005-11-08,939.750000,959.700012,936.599976,956.549988,956.549988,200
2005-11-09,954.450012,982.799988,946.049988,956.549988,956.549988,200
2005-11-10,975.450012,992.250000,964.950012,991.200012,991.200012,600
2005-11-11,987.000000,987.000000,961.799988,977.549988,977.549988,300
2005-11-14,976.500000,980.700012,938.700012,943.950012,943.950012,300
2005-11-15,1006.950012,1102.500000,984.900024,1060.500000,1060.500000,2500
2005-11-16,1065.750000,1090.949951,1038.449951,1081.500000,1081.500000,2400
2005-11-17,1092.000000,1286.250000,1086.750000,1242.150024,1242.150024,4000
2005-11-18,1287.300049,1287.300049,1187.550049,1242.150024,1242.150024,2100
2005-11-21,1262.099976,1378.650024,1233.750000,1377.599976,1377.599976,3000
2005-11-22,1391.250000,1400.699951,1324.050049,1362.900024,1362.900024,3400
2005-11-23,1388.099976,1388.099976,1335.599976,1358.699951,1358.699951,1100
2005-11-25,1359.750000,1396.500000,1325.099976,1389.150024,1389.150024,600
2005-11-28,1412.250000,1430.099976,1366.050049,1415.400024,1415.400024,1400
2005-11-29,1443.750000,1446.900024,1166.550049,1184.400024,1184.400024,3000
2005-11-30,1182.300049,1184.400024,1077.300049,1130.849976,1130.849976,3200
2005-12-01,1150.800049,1176.000000,1066.800049,1109.849976,1109.849976,2200
2005-12-02,1109.849976,1211.699951,1109.849976,1166.550049,1166.550049,2000
2005-12-05,1206.449951,1206.449951,1034.250000,1047.900024,1047.900024,6400
2005-12-06,1065.750000,1065.750000,1013.250000,1039.500000,1039.500000,2400
2005-12-07,1050.000000,1055.250000,1041.599976,1042.650024,1042.650024,2000
2005-12-08,1044.750000,1102.500000,1039.500000,1050.000000,1050.000000,1200
2005-12-09,1055.250000,1055.250000,967.049988,978.599976,978.599976,2600
2005-12-12,995.400024,1002.750000,960.750000,966.000000,966.000000,1700
2005-12-13,991.200012,992.250000,939.750000,939.750000,939.750000,1200
2005-12-14,946.049988,958.650024,939.750000,954.450012,954.450012,2200
2005-12-15,984.900024,1001.700012,950.250000,979.650024,979.650024,1900
2005-12-16,1005.900024,1123.500000,997.500000,1110.900024,1110.900024,5500
2005-12-19,1102.500000,1102.500000,1062.599976,1094.099976,1094.099976,2300
2005-12-20,1104.599976,1104.599976,1030.050049,1071.000000,1071.000000,1300
2005-12-21,1096.199951,1096.199951,1066.800049,1082.550049,1082.550049,800
2005-12-22,1110.900024,1110.900024,1060.500000,1064.699951,1064.699951,1300
2005-12-23,1074.150024,1081.500000,1046.849976,1060.500000,1060.500000,800
2005-12-27,1060.500000,1060.500000,1002.750000,1019.549988,1019.549988,500
2005-12-28,1010.099976,1044.750000,1003.799988,1040.550049,1040.550049,500
2005-12-29,1048.949951,1137.150024,1048.949951,1137.150024,1137.150024,3400
2005-12-30,1115.099976,1170.750000,1099.349976,1136.099976,1136.099976,1800
2006-01-03,1181.250000,1181.250000,1132.949951,1160.250000,1160.250000,1400
2006-01-04,1168.650024,1176.000000,1126.650024,1170.750000,1170.750000,1900
2006-01-05,1180.199951,1195.949951,1128.750000,1136.099976,1136.099976,1100
2006-01-06,1166.550049,1188.599976,1136.099976,1186.500000,1186.500000,2900
2006-01-09,1194.900024,1218.000000,1141.349976,1161.300049,1161.300049,3400
2006-01-10,1210.650024,1210.650024,1134.000000,1144.500000,1144.500000,1500
2006-01-11,1139.250000,1140.300049,1097.250000,1108.800049,1108.800049,1500
2006-01-12,1101.449951,1113.000000,1063.650024,1069.949951,1069.949951,1800
2006-01-13,1066.800049,1084.650024,1047.900024,1069.949951,1069.949951,1000
2006-01-17,1090.949951,1090.949951,1050.000000,1059.449951,1059.449951,1800
2006-01-18,1059.449951,1080.449951,1044.750000,1063.650024,1063.650024,1000
2006-01-19,1092.000000,1092.000000,1044.750000,1048.949951,1048.949951,1500
2006-01-20,1060.500000,1102.500000,1050.000000,1092.000000,1092.000000,3200
2006-01-23,1092.000000,1202.250000,1089.900024,1195.949951,1195.949951,11700
2006-01-24,1205.400024,1269.449951,1205.400024,1233.750000,1233.750000,9600
2006-01-25,1233.750000,1291.500000,1223.250000,1269.449951,1269.449951,13100
2006-01-26,1291.500000,1312.500000,1268.400024,1270.500000,1270.500000,6000
2006-01-27,1302.000000,1312.500000,1267.349976,1284.150024,1284.150024,3200
2006-01-30,1312.500000,1564.500000,1307.250000,1537.199951,1537.199951,18200
2006-01-31,1653.750000,2009.699951,1576.050049,1977.150024,1977.150024,39900
2006-02-01,1886.849976,1891.050049,1598.099976,1606.500000,1606.500000,45400
2006-02-02,1701.000000,1903.650024,1642.199951,1848.000000,1848.000000,22100
2006-02-03,1861.650024,1861.650024,1704.150024,1774.500000,1774.500000,7400
2006-02-06,1806.000000,1942.500000,1744.050049,1777.650024,1777.650024,11700
2006-02-07,1837.500000,1837.500000,1660.050049,1680.000000,1680.000000,6100
2006-02-08,1692.599976,1785.000000,1680.000000,1768.199951,1768.199951,3200
2006-02-09,1816.500000,1851.150024,1737.750000,1758.750000,1758.750000,5400
2006-02-10,1825.949951,1908.900024,1765.050049,1890.000000,1890.000000,8400
2006-02-13,1926.750000,2094.750000,1895.250000,2032.800049,2032.800049,23800
2006-02-14,2067.449951,2072.699951,1900.500000,2007.599976,2007.599976,10100
2006-02-15,1963.500000,2009.699951,1916.250000,1969.800049,1969.800049,4600
2006-02-16,1993.949951,1993.949951,1797.599976,1839.599976,1839.599976,10200
2006-02-17,1845.900024,1870.050049,1732.500000,1758.750000,1758.750000,6800
2006-02-21,1837.500000,1890.000000,1800.750000,1851.150024,1851.150024,7200
2006-02-22,1887.900024,1911.000000,1800.750000,1888.949951,1888.949951,5200
2006-02-23,1913.099976,1913.099976,1837.500000,1892.099976,1892.099976,4800
2006-02-24,1942.500000,2070.600098,1905.750000,2012.849976,2012.849976,14200
2006-02-27,2105.250000,2126.250000,2024.400024,2074.800049,2074.800049,8800
2006-02-28,2100.000000,2100.000000,1906.800049,1974.000000,1974.000000,5100
2006-03-01,2016.000000,2092.649902,2001.300049,2063.250000,2063.250000,6300
2006-03-02,2041.199951,2157.750000,2041.199951,2059.050049,2059.050049,10300
2006-03-03,2098.949951,2098.949951,1991.849976,1999.199951,1999.199951,6200
2006-03-06,2054.850098,2054.850098,1954.050049,1989.750000,1989.750000,9200
2006-03-07,1996.050049,2004.449951,1909.949951,1977.150024,1977.150024,5400
2006-03-08,1964.550049,1979.250000,1845.900024,1867.949951,1867.949951,8000
2006-03-09,1895.250000,1932.000000,1798.650024,1809.150024,1809.150024,7900
2006-03-10,1863.750000,1874.250000,1821.750000,1861.650024,1861.650024,2600
2006-03-13,1911.000000,1968.750000,1898.400024,1929.900024,1929.900024,4500
2006-03-14,1947.750000,1949.849976,1878.449951,1890.000000,1890.000000,4300
2006-03-15,1916.250000,1925.699951,1886.849976,1911.000000,1911.000000,3400
2006-03-16,1944.599976,2037.000000,1944.599976,2009.699951,2009.699951,8400
2006-03-17,1995.000000,2046.449951,1974.000000,2002.349976,2002.349976,5600
2006-03-20,2046.449951,2046.449951,1982.400024,1997.099976,1997.099976,3300
2006-03-21,2006.550049,2031.750000,1963.500000,1975.050049,1975.050049,2900
2006-03-22,1951.949951,1992.900024,1921.500000,1944.599976,1944.599976,4400
2006-03-23,1970.849976,1970.849976,1886.849976,1902.599976,1902.599976,6300
2006-03-24,1930.949951,1932.000000,1891.050049,1895.250000,1895.250000,6300
2006-03-27,1926.750000,2007.599976,1916.250000,1972.949951,1972.949951,6200
2006-03-28,2026.500000,2153.550049,2023.349976,2111.550049,2111.550049,23400
2006-03-29,2173.500000,2408.699951,2111.550049,2345.699951,2345.699951,33100
2006-03-30,2409.750000,2488.500000,2314.199951,2315.250000,2315.250000,23600
2006-03-31,2360.399902,2383.500000,2157.750000,2266.949951,2266.949951,15000
2006-04-03,2337.300049,2362.500000,2289.000000,2297.399902,2297.399902,9400
2006-04-04,2327.850098,2357.250000,2287.949951,2291.100098,2291.100098,11400
2006-04-05,2335.199951,2703.750000,2320.500000,2703.750000,2703.750000,31000
2006-04-06,2728.949951,2747.850098,2576.699951,2714.250000,2714.250000,20400
2006-04-07,2788.800049,2971.500000,2731.050049,2966.250000,2966.250000,23000
2006-04-10,3181.500000,3323.250000,3081.750000,3281.250000,3281.250000,51000
2006-04-11,3417.750000,3562.649902,3050.250000,3100.649902,3100.649902,72700
2006-04-12,3136.350098,3195.149902,2793.000000,2871.750000,2871.750000,46500
2006-04-13,3013.500000,3134.250000,2924.250000,3073.350098,3073.350098,30100
2006-04-17,3305.399902,3557.399902,3202.500000,3557.399902,3557.399902,64600
2006-04-18,3659.250000,3659.250000,3084.899902,3265.500000,3265.500000,82000
2006-04-19,3326.399902,3465.000000,3143.699951,3216.149902,3216.149902,53900
2006-04-20,3255.000000,3255.000000,2950.500000,3030.300049,3030.300049,43600
2006-04-21,3140.550049,3230.850098,3066.000000,3162.600098,3162.600098,27400
2006-04-24,3219.300049,3483.899902,3219.300049,3465.000000,3465.000000,59200
2006-04-25,3423.000000,3725.399902,3423.000000,3496.500000,3496.500000,95800
2006-04-26,3535.350098,3598.350098,3391.500000,3465.000000,3465.000000,43700
2006-04-27,3404.100098,3425.100098,3229.800049,3363.149902,3363.149902,27400
2006-04-28,3467.100098,3490.199951,3336.899902,3395.699951,3395.699951,22500
2006-05-01,3462.899902,3598.350098,3449.250000,3570.000000,3570.000000,33400
2006-05-02,3701.250000,3913.350098,3654.000000,3878.699951,3878.699951,64600
2006-05-03,3896.550049,3971.100098,3759.000000,3940.649902,3940.649902,46700
2006-05-04,3867.149902,3949.050049,3444.000000,3663.449951,3663.449951,83600
2006-05-05,3741.149902,3852.449951,3625.649902,3700.199951,3700.199951,31500
2006-05-08,3785.250000,4201.049805,3727.500000,4148.549805,4148.549805,67100
2006-05-09,4273.500000,4410.000000,4019.399902,4168.500000,4168.500000,86000
2006-05-10,4240.950195,4369.049805,4105.500000,4317.600098,4317.600098,39900
2006-05-11,4476.149902,4672.500000,4331.250000,4450.950195,4450.950195,79000
2006-05-12,4584.299805,4651.500000,4171.649902,4410.000000,4410.000000,64100
2006-05-15,4141.200195,4200.000000,3844.050049,3977.399902,3977.399902,66600
2006-05-16,4093.949951,4131.750000,3634.050049,3848.250000,3848.250000,60200
2006-05-17,3546.899902,3727.500000,3423.000000,3450.300049,3450.300049,55100
2006-05-18,3257.100098,3596.250000,3129.000000,3139.500000,3139.500000,54100
2006-05-19,3125.850098,3228.750000,2904.300049,3104.850098,3104.850098,77800
2006-05-22,2929.500000,3046.050049,2659.649902,2684.850098,2684.850098,84200
2006-05-23,2898.000000,3231.899902,2856.000000,3138.449951,3138.449951,104900
2006-05-24,3271.800049,3385.199951,3078.600098,3174.149902,3174.149902,80500
2006-05-25,3344.250000,3362.100098,3213.000000,3309.600098,3309.600098,33000
2006-05-26,2966.250000,3186.750000,2964.149902,3097.500000,3097.500000,86400
2006-05-30,3306.449951,3306.449951,3068.100098,3091.199951,3091.199951,44500
2006-05-31,3131.100098,3160.500000,2913.750000,3056.550049,3056.550049,38200
2006-06-01,3024.000000,3078.600098,3008.250000,3036.600098,3036.600098,21400
2006-06-02,3071.250000,3097.500000,2920.050049,2941.050049,2941.050049,29900
2006-06-05,2996.699951,3031.350098,2790.899902,2811.899902,2811.899902,27100
2006-06-06,2869.649902,2870.699951,2661.750000,2691.149902,2691.149902,32300
2006-06-07,2745.750000,2932.649902,2663.850098,2787.750000,2787.750000,53600
2006-06-08,2731.050049,2745.750000,2535.750000,2684.850098,2684.850098,36200
2006-06-09,2773.050049,2829.750000,2593.500000,2615.550049,2615.550049,29500
2006-06-12,2573.550049,2618.699951,2388.750000,2418.149902,2418.149902,29000
2006-06-13,2341.500000,2389.800049,2105.250000,2114.699951,2114.699951,58700
2006-06-14,2164.050049,2349.899902,2152.500000,2283.750000,2283.750000,58000
2006-06-15,2373.000000,2389.800049,2184.000000,2260.649902,2260.649902,51000
2006-06-16,2235.449951,2236.500000,2131.500000,2168.250000,2168.250000,28800
2006-06-19,2286.899902,2346.750000,2195.550049,2242.800049,2242.800049,36400
2006-06-20,2256.449951,2303.699951,2153.550049,2194.500000,2194.500000,29200
2006-06-21,2224.949951,2328.899902,2186.100098,2241.750000,2241.750000,30500
2006-06-22,2285.850098,2443.350098,2216.550049,2373.000000,2373.000000,41300
2006-06-23,2387.699951,2440.199951,2331.000000,2366.699951,2366.699951,21100
2006-06-26,2306.850098,2325.750000,2273.250000,2297.399902,2297.399902,13400
2006-06-27,2283.750000,2310.000000,2152.500000,2165.100098,2165.100098,25600
2006-06-28,2154.600098,2265.899902,2101.050049,2205.000000,2205.000000,35700
2006-06-29,2247.000000,2279.550049,2151.449951,2262.750000,2262.750000,31100
2006-06-30,2255.399902,2427.600098,2255.399902,2427.600098,2427.600098,48600
2006-07-03,2488.500000,2644.949951,2467.500000,2574.600098,2574.600098,23400
2006-07-05,2626.050049,2681.699951,2496.899902,2672.250000,2672.250000,26500
2006-07-06,2713.199951,2819.250000,2578.800049,2608.199951,2608.199951,38700
2006-07-07,2650.199951,2714.250000,2583.000000,2609.250000,2609.250000,18700
2006-07-10,2665.949951,2693.250000,2441.250000,2550.449951,2550.449951,21900
2006-07-11,2449.649902,2504.250000,2362.500000,2447.550049,2447.550049,32000
2006-07-12,2461.199951,2491.649902,2391.899902,2401.350098,2401.350098,18800
2006-07-13,2388.750000,2426.550049,2233.350098,2294.250000,2294.250000,25200
2006-07-14,2336.250000,2373.000000,2260.649902,2325.750000,2325.750000,14900
2006-07-17,2325.750000,2368.800049,2207.100098,2287.949951,2287.949951,12700
2006-07-18,2304.750000,2336.250000,2220.750000,2257.500000,2257.500000,13300
2006-07-19,2245.949951,2331.000000,2231.250000,2313.149902,2313.149902,13800
2006-07-20,2326.800049,2352.000000,2215.500000,2220.750000,2220.750000,14500
2006-07-21,2226.000000,2241.750000,2000.250000,2021.250000,2021.250000,25700
2006-07-24,2089.500000,2089.500000,1871.099976,1957.199951,1957.199951,28600
2006-07-25,1955.099976,2035.949951,1911.000000,2026.500000,2026.500000,21200
2006-07-26,1963.500000,2002.349976,1921.500000,1932.000000,1932.000000,11500
2006-07-27,1953.000000,2023.349976,1895.250000,1953.000000,1953.000000,14200
2006-07-28,1949.849976,1957.199951,1896.300049,1921.500000,1921.500000,10700
2006-07-31,1928.849976,1987.650024,1896.300049,1968.750000,1968.750000,14400
2006-08-01,2001.300049,2089.500000,1977.150024,1997.099976,1997.099976,18400
2006-08-02,2026.500000,2084.250000,2001.300049,2043.300049,2043.300049,16100
2006-08-03,2043.300049,2058.000000,1967.699951,2017.050049,2017.050049,10700
2006-08-04,2019.150024,2046.449951,1895.250000,1903.650024,1903.650024,14700
2006-08-07,1838.550049,1942.500000,1794.449951,1850.099976,1850.099976,23000
2006-08-08,1879.500000,1911.000000,1815.449951,1841.699951,1841.699951,13200
2006-08-09,1848.000000,1856.400024,1760.849976,1774.500000,1774.500000,14800
2006-08-10,1743.000000,1780.800049,1695.750000,1743.000000,1743.000000,16800
2006-08-11,1690.500000,1743.000000,1680.000000,1689.449951,1689.449951,9900
2006-08-14,1685.250000,1724.099976,1571.849976,1576.050049,1576.050049,18700
2006-08-15,1592.849976,1646.400024,1530.900024,1626.449951,1626.449951,27300
2006-08-16,1639.050049,1790.250000,1633.800049,1727.250000,1727.250000,20600
2006-08-17,1728.300049,1790.250000,1708.349976,1727.250000,1727.250000,19200
2006-08-18,1764.000000,1933.050049,1753.500000,1859.550049,1859.550049,37400
2006-08-21,1921.500000,1967.699951,1875.300049,1916.250000,1916.250000,23000
2006-08-22,1953.000000,2089.500000,1932.000000,2068.500000,2068.500000,28000
2006-08-23,2103.149902,2189.250000,2026.500000,2042.250000,2042.250000,35500
2006-08-24,2040.150024,2064.300049,1900.500000,1937.250000,1937.250000,22800
2006-08-25,1964.550049,2027.550049,1947.750000,2007.599976,2007.599976,12100
2006-08-28,1995.000000,2003.400024,1932.000000,1970.849976,1970.849976,16600
2006-08-29,1967.699951,1970.849976,1900.500000,1935.150024,1935.150024,13200
2006-08-30,1922.550049,1954.050049,1906.800049,1920.449951,1920.449951,15000
2006-08-31,1934.099976,1995.000000,1923.599976,1945.650024,1945.650024,12000
2006-09-01,1963.500000,1974.000000,1914.150024,1936.199951,1936.199951,6300
2006-09-05,1942.500000,1955.099976,1874.250000,1912.050049,1912.050049,7500
2006-09-06,1888.949951,1899.449951,1775.550049,1790.250000,1790.250000,12600
2006-09-07,1775.550049,1778.699951,1701.000000,1713.599976,1713.599976,12500
2006-09-08,1707.300049,1804.949951,1706.250000,1709.400024,1709.400024,16700
2006-09-11,1654.800049,1680.000000,1602.300049,1617.000000,1617.000000,17900
2006-09-12,1612.800049,1704.150024,1612.800049,1651.650024,1651.650024,13000
2006-09-13,1653.750000,1785.000000,1653.750000,1738.800049,1738.800049,13000
2006-09-14,1757.699951,1757.699951,1669.500000,1686.300049,1686.300049,11700
2006-09-15,1713.599976,1718.849976,1629.599976,1666.349976,1666.349976,11100
2006-09-18,1669.500000,1732.500000,1638.000000,1678.949951,1678.949951,9700
2006-09-19,1680.000000,1693.650024,1594.949951,1604.400024,1604.400024,10900
2006-09-20,1621.199951,1652.699951,1603.349976,1624.349976,1624.349976,8600
2006-09-21,1624.349976,1624.349976,1580.250000,1603.349976,1603.349976,8300
2006-09-22,1613.849976,1627.500000,1540.349976,1544.550049,1544.550049,10800
2006-09-25,1523.550049,1530.900024,1417.500000,1444.800049,1444.800049,21500
2006-09-26,1444.800049,1489.949951,1387.050049,1466.849976,1466.849976,19600
2006-09-27,1482.599976,1548.750000,1482.599976,1534.050049,1534.050049,15700
2006-09-28,1565.550049,1580.250000,1478.400024,1502.550049,1502.550049,13400
2006-09-29,1515.150024,1534.050049,1465.800049,1474.199951,1474.199951,6600
2006-10-02,1465.800049,1486.800049,1437.449951,1451.099976,1451.099976,6800
2006-10-03,1436.400024,1451.099976,1338.750000,1367.099976,1367.099976,11400
2006-10-04,1360.800049,1390.199951,1317.750000,1371.300049,1371.300049,13500
2006-10-05,1393.349976,1446.900024,1380.750000,1402.800049,1402.800049,11500
2006-10-06,1380.750000,1380.750000,1312.500000,1320.900024,1320.900024,13700
2006-10-09,1328.250000,1478.400024,1314.599976,1456.349976,1456.349976,24700
2006-10-10,1480.500000,1575.000000,1470.000000,1556.099976,1556.099976,27700
2006-10-11,1596.000000,1655.849976,1535.099976,1559.250000,1559.250000,27100
2006-10-12,1563.449951,1568.699951,1495.199951,1529.849976,1529.849976,14500
2006-10-13,1542.449951,1701.000000,1542.449951,1690.500000,1690.500000,24000
2006-10-16,1756.650024,1885.800049,1737.750000,1880.550049,1880.550049,37800
2006-10-17,1902.599976,1926.750000,1790.250000,1814.400024,1814.400024,27500
2006-10-18,1837.500000,1861.650024,1746.150024,1769.250000,1769.250000,19000
2006-10-19,1810.199951,1837.500000,1764.000000,1785.000000,1785.000000,16300
2006-10-20,1794.449951,1811.250000,1689.449951,1724.099976,1724.099976,15200
2006-10-23,1680.000000,1714.650024,1636.949951,1662.150024,1662.150024,11900
2006-10-24,1650.599976,1807.050049,1650.599976,1800.750000,1800.750000,16800
2006-10-25,1815.449951,1835.400024,1713.599976,1767.150024,1767.150024,19500
2006-10-26,1797.599976,1850.099976,1786.050049,1813.349976,1813.349976,10100
2006-10-27,1736.699951,1794.449951,1733.550049,1744.050049,1744.050049,7600
2006-10-30,1730.400024,1743.000000,1667.400024,1703.099976,1703.099976,7100
2006-10-31,1719.900024,1795.500000,1706.250000,1758.750000,1758.750000,15600
2006-11-01,1739.849976,1757.699951,1669.500000,1683.150024,1683.150024,9700
2006-11-02,1690.500000,1695.750000,1585.500000,1598.099976,1598.099976,13300
2006-11-03,1610.699951,1640.099976,1596.000000,1610.699951,1610.699951,6000
2006-11-06,1631.699951,1638.000000,1585.500000,1612.800049,1612.800049,6500
2006-11-07,1623.300049,1718.849976,1623.300049,1703.099976,1703.099976,12400
2006-11-08,1701.000000,1846.949951,1664.250000,1838.550049,1838.550049,30700
2006-11-09,1908.900024,1938.300049,1838.550049,1864.800049,1864.800049,34400
2006-11-10,1911.000000,1925.699951,1835.400024,1858.500000,1858.500000,13600
2006-11-13,1846.949951,1858.500000,1772.400024,1779.750000,1779.750000,15900
2006-11-14,1814.400024,1850.099976,1789.199951,1820.699951,1820.699951,17900
2006-11-15,1856.400024,2021.250000,1806.000000,2003.400024,2003.400024,53200
2006-11-16,2064.300049,2079.000000,1892.099976,1897.349976,1897.349976,31400
2006-11-17,1902.599976,1919.400024,1844.849976,1875.300049,1875.300049,15700
2006-11-20,1879.500000,1927.800049,1827.000000,1836.449951,1836.449951,17100
2006-11-21,2040.150024,2051.699951,1904.699951,1942.500000,1942.500000,42100
2006-11-22,1936.199951,1939.349976,1866.900024,1915.199951,1915.199951,14900
2006-11-24,1922.550049,1937.250000,1891.050049,1914.150024,1914.150024,4800
2006-11-27,1932.000000,1967.699951,1869.000000,1881.599976,1881.599976,10400
2006-11-28,1887.900024,1887.900024,1837.500000,1863.750000,1863.750000,7800
2006-11-29,1895.250000,1974.000000,1887.900024,1963.500000,1963.500000,19300
2006-11-30,1953.000000,2012.849976,1920.449951,1989.750000,1989.750000,18200
2006-12-01,1991.849976,2004.449951,1908.900024,1948.800049,1948.800049,13200
2006-12-04,1937.250000,1947.750000,1900.500000,1937.250000,1937.250000,6100
2006-12-05,1964.550049,1990.800049,1916.250000,1946.699951,1946.699951,11300
2006-12-06,1963.500000,1963.500000,1908.900024,1915.199951,1915.199951,6900
2006-12-07,1907.849976,1911.000000,1837.500000,1857.449951,1857.449951,10500
2006-12-08,1890.000000,1898.400024,1791.300049,1843.800049,1843.800049,11800
2006-12-11,1816.500000,1842.750000,1786.050049,1807.050049,1807.050049,10200
2006-12-12,1803.900024,1816.500000,1737.750000,1767.150024,1767.150024,13000
2006-12-13,1780.800049,1792.349976,1720.949951,1774.500000,1774.500000,16500
2006-12-14,1787.099976,1858.500000,1787.099976,1845.900024,1845.900024,16700
2006-12-15,1860.599976,1866.900024,1786.050049,1796.550049,1796.550049,14300
2006-12-18,1794.449951,1806.000000,1741.949951,1753.500000,1753.500000,8500
2006-12-19,1732.500000,1790.250000,1706.250000,1755.599976,1755.599976,8100
2006-12-20,1751.400024,1791.300049,1750.349976,1768.199951,1768.199951,6000
2006-12-21,1758.750000,1767.150024,1703.099976,1740.900024,1740.900024,6900
2006-12-22,1731.449951,1738.800049,1706.250000,1724.099976,1724.099976,5700
2006-12-26,1710.449951,1743.000000,1696.800049,1705.199951,1705.199951,4400
2006-12-27,1698.900024,1716.750000,1674.750000,1701.000000,1701.000000,5900
2006-12-28,1685.250000,1704.150024,1653.750000,1680.000000,1680.000000,10000
2006-12-29,1672.650024,1680.000000,1605.449951,1615.949951,1615.949951,14600
2007-01-03,1608.599976,1617.000000,1548.750000,1575.000000,1575.000000,12500
2007-01-04,1575.000000,1585.500000,1474.199951,1513.050049,1513.050049,20300
2007-01-05,1538.250000,1554.000000,1480.500000,1493.099976,1493.099976,10600
2007-01-08,1509.900024,1539.300049,1509.900024,1527.750000,1527.750000,13700
2007-01-09,1515.150024,1539.300049,1496.250000,1522.500000,1522.500000,9100
2007-01-10,1535.099976,1567.650024,1507.800049,1541.400024,1541.400024,13800
2007-01-11,1560.300049,1603.349976,1544.550049,1556.099976,1556.099976,7800
2007-01-12,1600.199951,1632.750000,1585.500000,1608.599976,1608.599976,10700
2007-01-16,1627.500000,1668.449951,1578.150024,1590.750000,1590.750000,17300
2007-01-17,1592.849976,1675.800049,1592.849976,1628.550049,1628.550049,12000
2007-01-18,1639.050049,1647.449951,1566.599976,1589.699951,1589.699951,10200
2007-01-19,1580.250000,1651.650024,1579.199951,1641.150024,1641.150024,13100
2007-01-22,1673.699951,1782.900024,1670.550049,1766.099976,1766.099976,34900
2007-01-23,1846.949951,1972.949951,1822.800049,1874.250000,1874.250000,88300
2007-01-24,1908.900024,1908.900024,1712.550049,1735.650024,1735.650024,51300
2007-01-25,1766.099976,1769.250000,1657.949951,1669.500000,1669.500000,23700
2007-01-26,1670.550049,1726.199951,1645.349976,1706.250000,1706.250000,15400
2007-01-29,1732.500000,1732.500000,1659.000000,1691.550049,1691.550049,13400
2007-01-30,1704.150024,1738.800049,1674.750000,1726.199951,1726.199951,11700
2007-01-31,1706.250000,1743.000000,1706.250000,1723.050049,1723.050049,8500
2007-02-01,1772.400024,1793.400024,1732.500000,1770.300049,1770.300049,13300
2007-02-02,1800.750000,1806.000000,1758.750000,1791.300049,1791.300049,11800
2007-02-05,1803.900024,1884.750000,1783.949951,1801.800049,1801.800049,19100
2007-02-06,1820.699951,1823.849976,1759.800049,1777.650024,1777.650024,9100
2007-02-07,1797.599976,1814.400024,1743.000000,1779.750000,1779.750000,8600
2007-02-08,1777.650024,1783.949951,1737.750000,1756.650024,1756.650024,5600
2007-02-09,1755.599976,1760.849976,1719.900024,1729.349976,1729.349976,5800
2007-02-12,1726.199951,1732.500000,1677.900024,1684.199951,1684.199951,8800
2007-02-13,1695.750000,1716.750000,1677.900024,1704.150024,1704.150024,5600
2007-02-14,1716.750000,1723.050049,1659.000000,1664.250000,1664.250000,8400
2007-02-15,1664.250000,1693.650024,1664.250000,1678.949951,1678.949951,6800
2007-02-16,1691.550049,1727.250000,1680.000000,1724.099976,1724.099976,6900
2007-02-20,1770.300049,1779.750000,1712.550049,1748.250000,1748.250000,9000
2007-02-21,1762.949951,1779.750000,1743.000000,1766.099976,1766.099976,5100
2007-02-22,1774.500000,1830.150024,1770.300049,1823.849976,1823.849976,11300
2007-02-23,1831.199951,1871.099976,1793.400024,1810.199951,1810.199951,8400
2007-02-26,1832.250000,1861.650024,1816.500000,1859.550049,1859.550049,9300
2007-02-27,1762.949951,1795.500000,1717.800049,1732.500000,1732.500000,12300
2007-02-28,1708.349976,1785.000000,1706.250000,1740.900024,1740.900024,11700
2007-03-01,1698.900024,1708.349976,1649.550049,1677.900024,1677.900024,8400
2007-03-02,1665.300049,1701.000000,1598.099976,1623.300049,1623.300049,10200
2007-03-05,1563.449951,1590.750000,1548.750000,1549.800049,1549.800049,11700
2007-03-06,1585.500000,1604.400024,1584.449951,1600.199951,1600.199951,7000
2007-03-07,1625.400024,1656.900024,1598.099976,1604.400024,1604.400024,7500
2007-03-08,1638.000000,1647.449951,1617.000000,1630.650024,1630.650024,5200
2007-03-09,1651.650024,1669.500000,1621.199951,1629.599976,1629.599976,5400
2007-03-12,1638.000000,1659.000000,1634.849976,1645.349976,1645.349976,3100
2007-03-13,1642.199951,1642.199951,1585.500000,1606.500000,1606.500000,5100
2007-03-14,1580.250000,1600.199951,1546.650024,1599.150024,1599.150024,6700
2007-03-15,1576.050049,1622.250000,1576.050049,1621.199951,1621.199951,4500
2007-03-16,1622.250000,1635.900024,1585.500000,1591.800049,1591.800049,5300
2007-03-19,1586.550049,1618.050049,1586.550049,1597.050049,1597.050049,5900
2007-03-20,1593.900024,1643.250000,1591.800049,1625.400024,1625.400024,6800
2007-03-21,1625.400024,1694.699951,1611.750000,1654.800049,1654.800049,9600
2007-03-22,1659.000000,1709.400024,1655.849976,1698.900024,1698.900024,6900
2007-03-23,1694.699951,1715.699951,1680.000000,1711.500000,1711.500000,4400
2007-03-26,1706.250000,1732.500000,1680.000000,1707.300049,1707.300049,5400
2007-03-27,1705.199951,1705.199951,1680.000000,1688.400024,1688.400024,3600
2007-03-28,1701.000000,1737.750000,1688.400024,1695.750000,1695.750000,6300
2007-03-29,1723.050049,1785.000000,1704.150024,1781.849976,1781.849976,19100
2007-03-30,1838.550049,1839.599976,1752.449951,1788.150024,1788.150024,18200
2007-04-02,1785.000000,1785.000000,1687.349976,1688.400024,1688.400024,14200
2007-04-03,1688.400024,1698.900024,1660.050049,1674.750000,1674.750000,8000
2007-04-04,1669.500000,1735.650024,1660.050049,1732.500000,1732.500000,8000
2007-04-05,1735.650024,1754.550049,1685.250000,1710.449951,1710.449951,4900
2007-04-09,1699.949951,1748.250000,1699.949951,1730.400024,1730.400024,5700
2007-04-10,1737.750000,1738.800049,1688.400024,1697.849976,1697.849976,5200
2007-04-11,1697.849976,1705.199951,1661.099976,1677.900024,1677.900024,4400
2007-04-12,1676.849976,1701.000000,1667.400024,1698.900024,1698.900024,5700
2007-04-13,1692.599976,1731.449951,1685.250000,1718.849976,1718.849976,5500
2007-04-16,1719.900024,1738.800049,1673.699951,1695.750000,1695.750000,6800
2007-04-17,1695.750000,1695.750000,1629.599976,1648.500000,1648.500000,9100
2007-04-18,1627.500000,1656.900024,1596.000000,1626.449951,1626.449951,10500
2007-04-19,1607.550049,1618.050049,1579.199951,1589.699951,1589.699951,6300
2007-04-20,1611.750000,1635.900024,1581.300049,1594.949951,1594.949951,5000
2007-04-23,1592.849976,1613.849976,1585.500000,1600.199951,1600.199951,4900
2007-04-24,1617.000000,1620.150024,1582.349976,1588.650024,1588.650024,4600
2007-04-25,1598.099976,1600.199951,1579.199951,1585.500000,1585.500000,5500
2007-04-26,1580.250000,1581.300049,1533.000000,1575.000000,1575.000000,8800
2007-04-27,1558.199951,1592.849976,1556.099976,1576.050049,1576.050049,5600
2007-04-30,1573.949951,1575.000000,1548.750000,1554.000000,1554.000000,8000
2007-05-01,1548.750000,1548.750000,1473.150024,1516.199951,1516.199951,10600
2007-05-02,1518.300049,1562.400024,1509.900024,1551.900024,1551.900024,6600
2007-05-03,1543.500000,1563.449951,1533.000000,1544.550049,1544.550049,4900
2007-05-04,1552.949951,1552.949951,1524.599976,1531.949951,1531.949951,4500
2007-05-07,1533.000000,1541.400024,1487.849976,1501.500000,1501.500000,8100
2007-05-08,1488.900024,1491.000000,1459.500000,1466.849976,1466.849976,9500
2007-05-09,1454.250000,1478.400024,1435.349976,1452.150024,1452.150024,8200
2007-05-10,1660.050049,1669.500000,1560.300049,1584.449951,1584.449951,44600
2007-05-11,1594.949951,1621.199951,1576.050049,1615.949951,1615.949951,9900
2007-05-14,1614.900024,1680.000000,1597.050049,1607.550049,1607.550049,20300
2007-05-15,1623.300049,1641.150024,1567.650024,1579.199951,1579.199951,6800
2007-05-16,1584.449951,1584.449951,1506.750000,1552.949951,1552.949951,9800
2007-05-17,1544.550049,1552.949951,1522.500000,1539.300049,1539.300049,5200
2007-05-18,1543.500000,1546.650024,1493.099976,1509.900024,1509.900024,10500
2007-05-21,1506.750000,1509.900024,1480.500000,1491.000000,1491.000000,6800
2007-05-22,1491.000000,1525.650024,1491.000000,1514.099976,1514.099976,7100
2007-05-23,1514.099976,1546.650024,1506.750000,1507.800049,1507.800049,6400
2007-05-24,1504.650024,1530.900024,1468.949951,1487.849976,1487.849976,7500
2007-05-25,1492.050049,1507.800049,1480.500000,1481.550049,1481.550049,3000
2007-05-29,1475.250000,1504.650024,1475.250000,1497.300049,1497.300049,4100
2007-05-30,1495.199951,1496.250000,1478.400024,1487.849976,1487.849976,3600
2007-05-31,1453.199951,1461.599976,1377.599976,1413.300049,1413.300049,18200
2007-06-01,1403.849976,1403.849976,1375.500000,1396.500000,1396.500000,10700
2007-06-04,1388.099976,1425.900024,1381.800049,1386.000000,1386.000000,6500
2007-06-05,1398.599976,1400.699951,1352.400024,1382.849976,1382.849976,8300
2007-06-06,1379.699951,1380.750000,1334.550049,1361.849976,1361.849976,7200
2007-06-07,1367.099976,1375.500000,1325.099976,1337.699951,1337.699951,6800
2007-06-08,1329.300049,1351.349976,1315.650024,1333.500000,1333.500000,4800
2007-06-11,1327.199951,1338.750000,1314.599976,1331.400024,1331.400024,5900
2007-06-12,1330.349976,1357.650024,1296.750000,1313.550049,1313.550049,7400
2007-06-13,1303.050049,1330.349976,1302.000000,1312.500000,1312.500000,5500
2007-06-14,1312.500000,1338.750000,1311.449951,1318.800049,1318.800049,5200
2007-06-15,1337.699951,1342.949951,1314.599976,1337.699951,1337.699951,6500
2007-06-18,1359.750000,1360.800049,1326.150024,1339.800049,1339.800049,8000
2007-06-19,1344.000000,1347.150024,1315.650024,1327.199951,1327.199951,5900
2007-06-20,1324.050049,1325.099976,1260.000000,1296.750000,1296.750000,16200
2007-06-21,1309.349976,1317.750000,1270.500000,1286.250000,1286.250000,10200
2007-06-22,1298.849976,1400.699951,1298.849976,1347.150024,1347.150024,30500
2007-06-25,1362.900024,1365.000000,1312.500000,1334.550049,1334.550049,6700
2007-06-26,1335.599976,1346.099976,1294.650024,1326.150024,1326.150024,5100
2007-06-27,1304.099976,1337.699951,1300.949951,1323.000000,1323.000000,4200
2007-06-28,1323.000000,1362.900024,1323.000000,1353.449951,1353.449951,10800
2007-06-29,1365.000000,1417.500000,1355.550049,1386.000000,1386.000000,11100
2007-07-02,1382.849976,1428.000000,1382.849976,1419.599976,1419.599976,8800
2007-07-03,1426.949951,1441.650024,1409.099976,1430.099976,1430.099976,5100
2007-07-05,1454.250000,1572.900024,1435.349976,1527.750000,1527.750000,21200
2007-07-06,1528.800049,1538.250000,1503.599976,1515.150024,1515.150024,5700
2007-07-09,1545.599976,1585.500000,1533.000000,1560.300049,1560.300049,11000
2007-07-10,1555.050049,1568.699951,1491.000000,1533.000000,1533.000000,7300
2007-07-11,1542.449951,1542.449951,1503.599976,1528.800049,1528.800049,3500
2007-07-12,1531.949951,1538.250000,1491.000000,1516.199951,1516.199951,6600
2007-07-13,1509.900024,1514.099976,1470.000000,1485.750000,1485.750000,6300
2007-07-16,1470.000000,1491.000000,1464.750000,1470.000000,1470.000000,3800
2007-07-17,1475.250000,1476.300049,1451.099976,1461.599976,1461.599976,3900
2007-07-18,1459.500000,1476.300049,1407.000000,1432.199951,1432.199951,7800
2007-07-19,1417.500000,1441.650024,1382.849976,1410.150024,1410.150024,7000
2007-07-20,1423.800049,1438.500000,1365.000000,1404.900024,1404.900024,7900
2007-07-23,1394.400024,1399.650024,1354.500000,1399.650024,1399.650024,8300
2007-07-24,1391.250000,1396.500000,1344.000000,1375.500000,1375.500000,5900
2007-07-25,1376.550049,1376.550049,1344.000000,1353.449951,1353.449951,4700
2007-07-26,1344.000000,1351.349976,1292.550049,1339.800049,1339.800049,8000
2007-07-27,1330.349976,1345.050049,1286.250000,1293.599976,1293.599976,4900
2007-07-30,1290.449951,1330.349976,1290.449951,1313.550049,1313.550049,5400
2007-07-31,1323.000000,1341.900024,1299.900024,1319.849976,1319.849976,4800
2007-08-01,1292.550049,1319.849976,1281.000000,1311.449951,1311.449951,6300
2007-08-02,1312.500000,1315.650024,1270.500000,1311.449951,1311.449951,6200
2007-08-03,1307.250000,1310.400024,1244.250000,1262.099976,1262.099976,5800
2007-08-06,1263.150024,1355.550049,1188.599976,1214.849976,1214.849976,14200
2007-08-07,1204.349976,1296.750000,1192.800049,1262.099976,1262.099976,11700
2007-08-08,1311.449951,1390.199951,1286.250000,1340.849976,1340.849976,15500
2007-08-09,1338.750000,1392.300049,1314.599976,1365.000000,1365.000000,14100
2007-08-10,1312.500000,1391.250000,1304.099976,1346.099976,1346.099976,7800
2007-08-13,1365.000000,1365.000000,1312.500000,1325.099976,1325.099976,4200
2007-08-14,1323.000000,1344.000000,1276.800049,1314.599976,1314.599976,5900
2007-08-15,1306.199951,1317.750000,1261.050049,1289.400024,1289.400024,3700
2007-08-16,1260.000000,1289.400024,1207.500000,1220.099976,1220.099976,10900
2007-08-17,1286.250000,1286.250000,1213.800049,1241.099976,1241.099976,9800
2007-08-20,1247.400024,1281.000000,1221.150024,1247.400024,1247.400024,4200
2007-08-21,1236.900024,1262.099976,1232.699951,1243.199951,1243.199951,3100
2007-08-22,1248.449951,1267.349976,1212.750000,1257.900024,1257.900024,6000
2007-08-23,1249.500000,1258.949951,1223.250000,1229.550049,1229.550049,3500
2007-08-24,1223.250000,1239.000000,1218.000000,1229.550049,1229.550049,2700
2007-08-27,1223.250000,1236.900024,1214.849976,1219.050049,1219.050049,4000
2007-08-28,1215.900024,1223.250000,1186.500000,1199.099976,1199.099976,4100
2007-08-29,1195.949951,1212.750000,1180.199951,1195.949951,1195.949951,3200
2007-08-30,1233.750000,1260.000000,1204.349976,1208.550049,1208.550049,5300
2007-08-31,1223.250000,1228.500000,1208.550049,1213.800049,1213.800049,3000
2007-09-04,1213.800049,1250.550049,1205.400024,1245.300049,1245.300049,7500
2007-09-05,1241.099976,1254.750000,1213.800049,1220.099976,1220.099976,4300
2007-09-06,1218.000000,1253.699951,1208.550049,1250.550049,1250.550049,4200
2007-09-07,1237.949951,1239.000000,1202.250000,1203.300049,1203.300049,5400
2007-09-10,1203.300049,1218.000000,1177.050049,1191.750000,1191.750000,2400
2007-09-11,1191.750000,1197.000000,1170.750000,1191.750000,1191.750000,4700
2007-09-12,1185.449951,1186.500000,1146.599976,1165.500000,1165.500000,6900
2007-09-13,1156.050049,1165.500000,1138.199951,1161.300049,1161.300049,3400
2007-09-14,1156.050049,1156.050049,1123.500000,1130.849976,1130.849976,4900
2007-09-17,1114.050049,1120.349976,1085.699951,1093.050049,1093.050049,6000
2007-09-18,1090.949951,1134.000000,1080.449951,1130.849976,1130.849976,5300
2007-09-19,1135.050049,1180.199951,1127.699951,1172.849976,1172.849976,8200
2007-09-20,1120.349976,1120.349976,1072.050049,1074.150024,1074.150024,13200
2007-09-21,1069.949951,1069.949951,1021.650024,1043.699951,1043.699951,15200
2007-09-24,1020.599976,1038.449951,938.700012,966.000000,966.000000,19600
2007-09-25,934.500000,945.000000,896.700012,900.900024,900.900024,11800
2007-09-26,900.900024,934.500000,887.250000,913.500000,913.500000,15700
2007-09-27,921.900024,996.450012,887.250000,995.400024,995.400024,22800
2007-09-28,987.000000,1017.450012,927.150024,1010.099976,1010.099976,21100
2007-10-01,984.900024,985.950012,948.150024,967.049988,967.049988,8300
2007-10-02,963.900024,976.500000,924.000000,934.500000,934.500000,8400
2007-10-03,936.599976,940.799988,906.150024,919.799988,919.799988,7400
2007-10-04,925.049988,981.750000,908.250000,976.500000,976.500000,11700
2007-10-05,984.900024,989.099976,945.000000,956.549988,956.549988,6300
2007-10-08,950.250000,956.549988,930.299988,942.900024,942.900024,3500
2007-10-09,941.849976,996.450012,935.549988,993.299988,993.299988,6100
2007-10-10,997.500000,1018.500000,971.250000,979.650024,979.650024,7400
2007-10-11,979.650024,1013.250000,956.549988,988.049988,988.049988,6900
2007-10-12,995.400024,997.500000,945.000000,948.150024,948.150024,6000
2007-10-15,951.299988,969.150024,931.349976,943.950012,943.950012,4800
2007-10-16,945.000000,954.450012,933.450012,940.799988,940.799988,4800
2007-10-17,955.500000,955.500000,918.750000,932.400024,932.400024,4500
2007-10-18,926.099976,945.000000,922.950012,927.150024,927.150024,6000
2007-10-19,914.549988,938.700012,861.000000,866.250000,866.250000,9500
2007-10-22,856.799988,876.750000,837.900024,851.549988,851.549988,6500
2007-10-23,854.700012,854.700012,827.400024,834.750000,834.750000,6100
2007-10-24,829.500000,829.500000,805.349976,808.500000,808.500000,4500
2007-10-25,807.450012,820.049988,772.799988,790.650024,790.650024,6600
2007-10-26,794.849976,819.000000,787.500000,798.000000,798.000000,8700
2007-10-29,813.750000,829.500000,799.049988,823.200012,823.200012,6800
2007-10-30,825.299988,828.450012,804.299988,813.750000,813.750000,4800
2007-10-31,811.650024,843.150024,798.000000,843.150024,843.150024,7100
2007-11-01,837.900024,847.349976,787.500000,788.549988,788.549988,5800
2007-11-02,805.349976,845.250000,777.000000,842.099976,842.099976,7600
2007-11-05,823.200012,849.450012,801.150024,843.150024,843.150024,4600
2007-11-06,837.900024,852.599976,813.750000,836.849976,836.849976,6200
2007-11-07,846.299988,846.299988,813.750000,831.599976,831.599976,4900
2007-11-08,829.500000,840.000000,782.250000,821.099976,821.099976,8600
2007-11-09,787.500000,805.349976,719.250000,723.450012,723.450012,11200
2007-11-12,765.450012,766.500000,682.500000,683.549988,683.549988,7700
2007-11-13,680.400024,693.000000,666.750000,673.049988,673.049988,7700
2007-11-14,672.000000,672.000000,644.700012,648.900024,648.900024,8000
2007-11-15,640.500000,661.500000,610.049988,612.150024,612.150024,10000
2007-11-16,617.400024,624.750000,598.500000,598.500000,598.500000,8300
2007-11-19,577.500000,577.500000,462.000000,465.149994,465.149994,20600
2007-11-20,472.500000,508.200012,470.399994,495.600006,495.600006,13700
2007-11-21,485.100006,491.399994,443.100006,451.500000,451.500000,7400
2007-11-23,451.500000,464.100006,441.000000,443.100006,443.100006,2900
2007-11-26,457.799988,499.799988,453.600006,489.299988,489.299988,10000
2007-11-27,501.899994,517.650024,472.500000,487.200012,487.200012,11300
2007-11-28,493.500000,495.600006,472.500000,492.450012,492.450012,6000
2007-11-29,488.250000,721.349976,480.899994,695.099976,695.099976,16200
2007-11-30,661.500000,706.650024,604.799988,641.549988,641.549988,22700
2007-12-03,646.799988,646.799988,578.549988,600.599976,600.599976,10700
2007-12-04,592.200012,617.400024,576.450012,603.750000,603.750000,5400
2007-12-05,617.400024,619.500000,565.950012,590.099976,590.099976,7400
2007-12-06,590.099976,656.250000,567.000000,633.150024,633.150024,9500
2007-12-07,631.049988,653.099976,623.700012,641.549988,641.549988,8400
2007-12-10,619.500000,640.500000,610.049988,628.950012,628.950012,6200
2007-12-11,637.349976,701.400024,630.000000,672.000000,672.000000,11700
2007-12-12,682.500000,724.500000,644.700012,666.750000,666.750000,7400
2007-12-13,673.049988,673.049988,628.950012,634.200012,634.200012,5500
2007-12-14,672.000000,712.950012,656.250000,695.099976,695.099976,11000
2007-12-17,698.250000,807.450012,691.950012,744.450012,744.450012,16800
2007-12-18,787.500000,816.900024,745.500000,811.650024,811.650024,16800
2007-12-19,840.000000,1014.299988,840.000000,960.750000,960.750000,48000
2007-12-20,982.799988,1037.400024,910.349976,959.700012,959.700012,30800
2007-12-21,991.200012,991.200012,886.200012,936.599976,936.599976,19900
2007-12-24,932.400024,955.500000,908.250000,927.150024,927.150024,7500
2007-12-26,927.150024,954.450012,909.299988,913.500000,913.500000,7800
2007-12-27,894.599976,931.349976,869.400024,913.500000,913.500000,14000
2007-12-28,913.500000,963.900024,904.049988,904.049988,904.049988,11200
2007-12-31,905.099976,905.099976,788.549988,862.049988,862.049988,13500
2008-01-02,891.450012,896.700012,841.049988,852.599976,852.599976,6900
2008-01-03,847.349976,943.950012,843.150024,926.099976,926.099976,13600
2008-01-04,927.150024,966.000000,866.250000,929.250000,929.250000,11400
2008-01-07,934.500000,955.500000,850.500000,861.000000,861.000000,8400
2008-01-08,855.750000,874.650024,791.700012,814.799988,814.799988,8700
2008-01-09,820.049988,840.000000,761.250000,792.750000,792.750000,7700
2008-01-10,787.500000,803.250000,736.049988,753.900024,753.900024,6400
2008-01-11,743.400024,750.750000,724.500000,728.700012,728.700012,7800
2008-01-14,739.200012,751.799988,727.650024,745.500000,745.500000,5600
2008-01-15,735.000000,745.500000,693.000000,697.200012,697.200012,6000
2008-01-16,682.500000,690.900024,598.500000,645.750000,645.750000,9900
2008-01-17,640.500000,644.700012,577.500000,579.599976,579.599976,5900
2008-01-18,578.549988,614.250000,552.299988,573.299988,573.299988,5200
2008-01-22,506.100006,592.200012,491.399994,525.000000,525.000000,10500
2008-01-23,535.500000,565.950012,522.900024,557.549988,557.549988,7300
2008-01-24,561.750000,594.299988,559.650024,563.849976,563.849976,6700
2008-01-25,581.700012,611.099976,561.750000,562.799988,562.799988,5700
2008-01-28,556.500000,613.200012,556.500000,592.200012,592.200012,6600
2008-01-29,623.700012,623.700012,568.049988,584.849976,584.849976,7400
2008-01-30,630.000000,688.799988,627.900024,652.049988,652.049988,12800
2008-01-31,663.599976,663.599976,624.750000,637.349976,637.349976,6800
2008-02-01,634.200012,656.250000,593.250000,605.849976,605.849976,7500
2008-02-04,640.500000,652.049988,607.950012,639.450012,639.450012,8600
2008-02-05,651.000000,687.750000,630.000000,662.549988,662.549988,9400
2008-02-06,662.549988,670.950012,636.299988,659.400024,659.400024,5000
2008-02-07,649.950012,659.400024,633.150024,634.200012,634.200012,3200
2008-02-08,630.000000,641.549988,607.950012,617.400024,617.400024,3600
2008-02-11,624.750000,635.250000,603.750000,626.849976,626.849976,3500
2008-02-12,623.700012,630.000000,603.750000,605.849976,605.849976,3800
2008-02-13,606.900024,653.099976,604.799988,647.849976,647.849976,3700
2008-02-14,647.849976,656.250000,617.400024,617.400024,617.400024,4000
2008-02-15,611.099976,640.500000,609.000000,611.099976,611.099976,2500
2008-02-19,637.349976,640.500000,615.299988,634.200012,634.200012,3300
2008-02-20,639.450012,640.500000,615.299988,625.799988,625.799988,3000
2008-02-21,638.400024,670.950012,614.250000,615.299988,615.299988,4500
2008-02-22,624.750000,637.349976,577.500000,578.549988,578.549988,5800
2008-02-25,577.500000,619.500000,577.500000,609.000000,609.000000,3700
2008-02-26,600.599976,617.400024,588.000000,590.099976,590.099976,4300
2008-02-27,589.049988,597.450012,580.650024,583.799988,583.799988,2900
2008-02-28,590.099976,595.349976,560.700012,560.700012,560.700012,4000
2008-02-29,556.500000,560.700012,511.350006,518.700012,518.700012,6400
2008-03-03,519.750000,543.900024,504.000000,510.299988,510.299988,3700
2008-03-04,521.849976,523.950012,472.500000,481.950012,481.950012,5200
2008-03-05,520.799988,520.799988,489.299988,500.850006,500.850006,5900
2008-03-06,489.299988,489.299988,446.250000,446.250000,446.250000,4600
2008-03-07,471.450012,495.600006,456.750000,473.549988,473.549988,4800
2008-03-10,475.649994,499.799988,475.649994,491.399994,491.399994,3400
2008-03-11,485.100006,504.000000,472.500000,483.000000,483.000000,4700
2008-03-12,483.000000,569.099976,477.750000,549.150024,549.150024,10700
2008-03-13,541.799988,567.000000,515.549988,563.849976,563.849976,3700
2008-03-14,564.900024,569.099976,498.750000,498.750000,498.750000,5100
2008-03-17,480.899994,493.500000,447.299988,450.450012,450.450012,5300
2008-03-18,496.649994,519.750000,473.549988,519.750000,519.750000,4400
2008-03-19,468.299988,483.000000,450.450012,454.649994,454.649994,11100
2008-03-20,598.500000,598.500000,464.100006,474.600006,474.600006,11800
2008-03-24,477.750000,522.900024,477.750000,518.700012,518.700012,4300
2008-03-25,522.900024,522.900024,477.750000,480.899994,480.899994,6300
2008-03-26,477.750000,491.399994,473.549988,475.649994,475.649994,4000
2008-03-27,480.899994,483.000000,446.250000,470.399994,470.399994,10400
2008-03-28,483.000000,509.250000,447.299988,509.250000,509.250000,8700
2008-03-31,484.049988,490.350006,458.850006,462.000000,462.000000,6000
2008-04-01,470.399994,485.100006,458.850006,480.899994,480.899994,3800
2008-04-02,472.500000,481.950012,464.100006,468.299988,468.299988,3100
2008-04-03,469.350006,483.000000,456.750000,459.899994,459.899994,2800
2008-04-04,457.799988,472.500000,457.799988,471.450012,471.450012,2300
2008-04-07,472.500000,475.649994,449.399994,456.750000,456.750000,6400
2008-04-08,449.399994,462.000000,449.399994,450.450012,450.450012,2400
2008-04-09,450.450012,477.750000,446.250000,447.299988,447.299988,7500
2008-04-10,447.299988,462.000000,439.950012,441.000000,441.000000,3300
2008-04-11,437.850006,443.100006,420.000000,421.049988,421.049988,4000
2008-04-14,424.200012,430.500000,394.799988,395.850006,395.850006,6800
2008-04-15,396.899994,404.250000,368.549988,372.750000,372.750000,9400
2008-04-16,372.750000,387.450012,367.500000,378.000000,378.000000,6200
2008-04-17,383.250000,392.700012,362.250000,379.049988,379.049988,5600
2008-04-18,380.100006,393.750000,373.799988,381.149994,381.149994,3800
2008-04-21,370.649994,390.600006,367.500000,380.100006,380.100006,3700
2008-04-22,378.000000,378.000000,344.399994,349.649994,349.649994,7300
2008-04-23,359.100006,359.100006,330.750000,334.950012,334.950012,6100
2008-04-24,332.850006,341.250000,324.450012,338.100006,338.100006,5000
2008-04-25,336.000000,416.850006,334.950012,413.700012,413.700012,15500
2008-04-28,415.799988,420.000000,384.299988,390.600006,390.600006,8200
2008-04-29,380.100006,400.049988,364.350006,364.350006,364.350006,6100
2008-04-30,369.600006,374.850006,353.850006,360.149994,360.149994,5500
2008-05-01,361.200012,364.350006,336.000000,346.500000,346.500000,5900
2008-05-02,348.600006,367.500000,346.500000,365.399994,365.399994,7000
2008-05-05,373.799988,414.750000,354.899994,357.000000,357.000000,6900
2008-05-06,355.950012,375.899994,346.500000,346.500000,346.500000,5300
2008-05-07,345.450012,353.850006,329.700012,333.899994,333.899994,5400
2008-05-08,333.899994,340.200012,327.600006,328.649994,328.649994,3800
2008-05-09,329.700012,341.250000,326.549988,338.100006,338.100006,3900
2008-05-12,362.250000,362.250000,338.100006,341.250000,341.250000,4800
2008-05-13,346.500000,346.500000,328.649994,331.799988,331.799988,3500
2008-05-14,341.250000,349.649994,329.700012,334.950012,334.950012,5800
2008-05-15,334.950012,345.450012,327.600006,338.100006,338.100006,3300
2008-05-16,344.399994,345.450012,329.700012,336.000000,336.000000,4700
2008-05-19,399.000000,542.849976,383.250000,539.700012,539.700012,90900
2008-05-20,598.500000,720.299988,575.400024,593.250000,593.250000,202800
2008-05-21,557.549988,640.500000,535.500000,580.650024,580.650024,72500
2008-05-22,576.450012,616.349976,535.500000,543.900024,543.900024,27300
2008-05-23,538.650024,547.049988,432.600006,438.899994,438.899994,42200
2008-05-27,446.250000,469.350006,425.250000,432.600006,432.600006,23500
2008-05-28,430.500000,443.100006,372.750000,376.950012,376.950012,43300
2008-05-29,383.250000,394.799988,362.250000,367.500000,367.500000,37600
2008-05-30,378.000000,391.649994,369.600006,371.700012,371.700012,21100
2008-06-02,372.750000,383.250000,351.750000,361.200012,361.200012,20000
2008-06-03,366.450012,366.450012,343.350006,346.500000,346.500000,20700
2008-06-04,346.500000,350.700012,330.750000,331.799988,331.799988,17900
2008-06-05,332.850006,344.399994,331.799988,340.200012,340.200012,17500
2008-06-06,334.950012,339.149994,326.549988,329.700012,329.700012,13100
2008-06-09,347.549988,348.600006,321.299988,323.399994,323.399994,24700
2008-06-10,321.299988,327.600006,309.750000,309.750000,309.750000,22000
2008-06-11,309.750000,309.750000,291.899994,291.899994,291.899994,23300
2008-06-12,289.799988,289.799988,235.199997,248.850006,248.850006,42900
2008-06-13,256.200012,259.350006,237.300003,242.550003,242.550003,21000
2008-06-16,243.600006,255.149994,241.500000,254.100006,254.100006,19600
2008-06-17,254.100006,287.700012,252.000000,261.450012,261.450012,28800
2008-06-18,261.450012,263.549988,231.000000,232.050003,232.050003,22300
2008-06-19,237.300003,239.399994,210.000000,227.850006,227.850006,23900
2008-06-20,227.850006,236.250000,213.149994,235.199997,235.199997,27200
2008-06-23,236.250000,240.449997,215.250000,216.300003,216.300003,17400
2008-06-24,213.149994,216.300003,190.050003,194.250000,194.250000,20500
2008-06-25,195.300003,205.800003,191.100006,204.750000,204.750000,21700
2008-06-26,204.750000,211.050003,198.449997,210.000000,210.000000,14400
2008-06-27,216.300003,224.699997,193.199997,210.000000,210.000000,61400
2008-06-30,208.949997,214.199997,190.050003,190.050003,190.050003,16200
2008-07-01,189.000000,190.050003,165.899994,165.899994,165.899994,23200
2008-07-02,168.000000,173.250000,152.250000,152.250000,152.250000,16900
2008-07-03,153.300003,162.750000,153.300003,154.350006,154.350006,8300
2008-07-07,166.949997,166.949997,156.449997,157.500000,157.500000,13100
2008-07-08,160.649994,164.850006,153.300003,161.699997,161.699997,10500
2008-07-09,158.550003,204.750000,158.550003,168.000000,168.000000,38300
2008-07-10,177.449997,181.649994,164.850006,166.949997,166.949997,11400
2008-07-11,164.850006,175.350006,161.699997,175.350006,175.350006,11000
2008-07-14,176.399994,180.600006,159.600006,161.699997,161.699997,9200
2008-07-15,159.600006,173.250000,153.300003,164.850006,164.850006,11000
2008-07-16,162.750000,183.750000,162.750000,181.649994,181.649994,12600
2008-07-17,195.300003,205.800003,183.750000,198.449997,198.449997,14100
2008-07-18,210.000000,238.350006,202.649994,232.050003,232.050003,34500
2008-07-21,236.250000,252.000000,212.100006,223.649994,223.649994,23900
2008-07-22,212.100006,219.449997,194.250000,202.649994,202.649994,17900
2008-07-23,210.000000,224.699997,203.699997,210.000000,210.000000,14100
2008-07-24,198.449997,210.000000,190.050003,192.149994,192.149994,10100
2008-07-25,195.300003,203.699997,193.199997,195.300003,195.300003,6000
2008-07-28,198.449997,198.449997,185.850006,189.000000,189.000000,5400
2008-07-29,191.100006,196.350006,185.850006,196.350006,196.350006,4100
2008-07-30,193.199997,201.600006,189.000000,199.500000,199.500000,6500
2008-07-31,197.399994,197.399994,186.899994,196.350006,196.350006,4000
2008-08-01,191.100006,201.600006,190.050003,200.550003,200.550003,3200
2008-08-04,200.550003,208.949997,200.550003,202.649994,202.649994,7200
2008-08-05,205.800003,205.800003,196.350006,205.800003,205.800003,7500
2008-08-06,210.000000,213.149994,197.399994,197.399994,197.399994,13100
2008-08-07,207.899994,233.100006,202.649994,221.550003,221.550003,31700
2008-08-08,229.949997,250.949997,224.699997,248.850006,248.850006,23700
2008-08-11,210.000000,229.949997,195.300003,215.250000,215.250000,25300
2008-08-12,215.250000,227.850006,207.899994,219.449997,219.449997,13100
2008-08-13,233.100006,233.100006,219.449997,228.899994,228.899994,9700
2008-08-14,228.899994,234.149994,222.600006,228.899994,228.899994,5900
2008-08-15,236.250000,238.350006,225.750000,229.949997,229.949997,5100
2008-08-18,231.000000,247.800003,227.850006,227.850006,227.850006,10400
2008-08-19,229.949997,229.949997,214.199997,219.449997,219.449997,6900
2008-08-20,223.649994,225.750000,208.949997,210.000000,210.000000,7400
2008-08-21,212.100006,218.399994,201.600006,214.199997,214.199997,5700
2008-08-22,215.250000,217.350006,207.899994,208.949997,208.949997,4100
2008-08-25,204.750000,217.350006,201.600006,215.250000,215.250000,7600
2008-08-26,211.050003,211.050003,204.750000,205.800003,205.800003,3200
2008-08-27,204.750000,214.199997,204.750000,211.050003,211.050003,3900
2008-08-28,214.199997,214.199997,210.000000,213.149994,213.149994,2800
2008-08-29,215.250000,217.350006,210.000000,216.300003,216.300003,5400
2008-09-02,219.449997,219.449997,206.850006,214.199997,214.199997,4900
2008-09-03,213.149994,215.250000,205.800003,210.000000,210.000000,6000
2008-09-04,212.100006,213.149994,200.550003,201.600006,201.600006,2900
2008-09-05,206.850006,206.850006,184.800003,184.800003,184.800003,6700
2008-09-08,199.500000,205.800003,179.550003,182.699997,182.699997,5100
2008-09-09,180.600006,181.649994,157.500000,159.600006,159.600006,8100
2008-09-10,165.899994,165.899994,147.000000,148.050003,148.050003,11600
2008-09-11,150.149994,166.949997,148.050003,162.750000,162.750000,7000
2008-09-12,162.750000,178.500000,154.350006,173.250000,173.250000,7300
2008-09-15,170.100006,178.500000,154.350006,157.500000,157.500000,5300
2008-09-16,158.550003,166.949997,142.800003,166.949997,166.949997,7500
2008-09-17,157.500000,166.949997,142.800003,147.000000,147.000000,8700
2008-09-18,147.000000,156.449997,141.750000,156.449997,156.449997,7000
2008-09-19,163.800003,166.949997,150.149994,156.449997,156.449997,11700
2008-09-22,158.550003,162.750000,148.050003,151.199997,151.199997,3500
2008-09-23,151.199997,157.500000,142.800003,145.949997,145.949997,4300
2008-09-24,148.050003,155.399994,142.800003,143.850006,143.850006,4700
2008-09-25,143.850006,151.199997,142.800003,147.000000,147.000000,5400
2008-09-26,135.449997,155.399994,135.449997,144.899994,144.899994,5300
2008-09-29,142.800003,218.399994,130.199997,218.399994,218.399994,13100
2008-09-30,174.300003,189.000000,145.949997,145.949997,145.949997,9200
2008-10-01,147.000000,173.250000,147.000000,148.050003,148.050003,12300
2008-10-02,149.100006,157.500000,141.750000,144.899994,144.899994,7500
2008-10-03,145.949997,151.199997,134.399994,134.399994,134.399994,6100
2008-10-06,120.750000,134.399994,105.000000,124.949997,124.949997,12700
2008-10-07,121.800003,131.250000,101.849998,106.050003,106.050003,8500
2008-10-08,105.000000,137.550003,87.150002,100.800003,100.800003,10500
2008-10-09,103.949997,112.349998,84.000000,90.300003,90.300003,8000
2008-10-10,100.800003,101.849998,82.949997,99.750000,99.750000,10100
2008-10-13,109.199997,120.750000,101.849998,112.349998,112.349998,2100
2008-10-14,115.500000,119.699997,90.300003,90.300003,90.300003,8000
2008-10-15,99.750000,100.800003,89.250000,89.250000,89.250000,3400
2008-10-16,99.750000,103.949997,84.000000,98.699997,98.699997,4900
2008-10-17,97.650002,110.250000,93.449997,103.949997,103.949997,9200
2008-10-20,109.199997,109.199997,96.599998,100.800003,100.800003,3600
2008-10-21,106.050003,106.050003,91.349998,92.400002,92.400002,5800
2008-10-22,91.349998,93.449997,84.000000,85.050003,85.050003,5600
2008-10-23,85.050003,88.199997,78.750000,80.849998,80.849998,3200
2008-10-24,73.500000,79.800003,71.400002,75.599998,75.599998,3800
2008-10-27,73.500000,74.550003,68.250000,68.250000,68.250000,5000
2008-10-28,65.099998,75.599998,65.099998,75.599998,75.599998,3700
2008-10-29,75.599998,94.500000,75.599998,88.199997,88.199997,5300
2008-10-30,92.400002,98.699997,87.150002,90.300003,90.300003,3800
2008-10-31,91.349998,94.500000,87.150002,94.500000,94.500000,3300
2008-11-03,94.500000,109.199997,94.500000,105.000000,105.000000,7300
2008-11-04,115.500000,153.300003,115.500000,145.949997,145.949997,20900
2008-11-05,150.149994,150.149994,112.349998,116.550003,116.550003,9800
2008-11-06,119.699997,120.750000,98.699997,99.750000,99.750000,5800
2008-11-07,114.449997,123.900002,105.000000,113.400002,113.400002,5300
2008-11-10,120.750000,126.000000,94.500000,95.550003,95.550003,6300
2008-11-11,94.500000,97.650002,70.349998,82.949997,82.949997,6100
2008-11-12,78.750000,84.000000,73.500000,74.550003,74.550003,2800
2008-11-13,80.849998,94.500000,70.349998,93.449997,93.449997,4700
2008-11-14,88.199997,88.199997,74.550003,76.650002,76.650002,3000
2008-11-17,74.550003,75.599998,72.449997,73.500000,73.500000,1800
2008-11-18,75.599998,76.650002,69.300003,69.300003,69.300003,3200
2008-11-19,73.500000,73.500000,65.099998,65.099998,65.099998,2300
2008-11-20,68.250000,68.250000,52.500000,53.549999,53.549999,3600
2008-11-21,55.650002,61.950001,52.500000,56.700001,56.700001,4300
2008-11-24,57.750000,60.900002,57.750000,59.849998,59.849998,3500
2008-11-25,60.900002,63.000000,59.849998,60.900002,60.900002,3800
2008-11-26,59.849998,69.300003,59.849998,68.250000,68.250000,5200
2008-11-28,72.449997,72.449997,68.250000,70.349998,70.349998,2500
2008-12-01,68.250000,68.250000,54.599998,54.599998,54.599998,3900
2008-12-02,54.599998,60.900002,54.599998,60.900002,60.900002,2300
2008-12-03,57.750000,66.150002,57.750000,58.799999,58.799999,3000
2008-12-04,63.000000,65.099998,57.750000,57.750000,57.750000,3000
2008-12-05,57.750000,61.950001,57.750000,60.900002,60.900002,1700
2008-12-08,63.000000,67.199997,58.799999,63.000000,63.000000,3400
2008-12-09,68.250000,68.250000,57.750000,63.000000,63.000000,9000
2008-12-10,63.000000,66.150002,58.799999,63.000000,63.000000,2200
2008-12-11,63.000000,65.099998,57.750000,57.750000,57.750000,1700
2008-12-12,57.750000,63.000000,56.700001,61.950001,61.950001,2300
2008-12-15,57.750000,64.050003,57.750000,61.950001,61.950001,4400
2008-12-16,59.849998,67.199997,58.799999,67.199997,67.199997,3800
2008-12-17,64.050003,68.250000,60.900002,65.099998,65.099998,3500
2008-12-18,65.099998,71.400002,63.000000,68.250000,68.250000,5700
2008-12-19,73.500000,94.500000,70.349998,92.400002,92.400002,17600
2008-12-22,84.000000,91.349998,73.500000,86.099998,86.099998,9200
2008-12-23,78.750000,84.000000,69.300003,72.449997,72.449997,4500
2008-12-24,77.699997,77.699997,66.150002,74.550003,74.550003,1400
2008-12-26,75.599998,76.650002,70.349998,72.449997,72.449997,1800
2008-12-29,71.400002,71.400002,55.650002,56.700001,56.700001,18900
2008-12-30,57.750000,58.799999,36.750000,37.799999,37.799999,59000
2008-12-31,47.250000,47.250000,42.000000,46.200001,46.200001,16700
2009-01-02,47.250000,56.700001,47.250000,49.349998,49.349998,12200
2009-01-05,53.549999,67.199997,53.549999,60.900002,60.900002,27100
2009-01-06,71.400002,71.400002,64.050003,66.150002,66.150002,11100
2009-01-07,68.250000,69.300003,60.900002,64.050003,64.050003,8700
2009-01-08,64.050003,64.050003,60.900002,63.000000,63.000000,3700
2009-01-09,61.950001,65.099998,57.750000,58.799999,58.799999,5600
2009-01-12,59.849998,60.900002,49.349998,49.349998,49.349998,8000
2009-01-13,52.500000,58.799999,52.500000,55.650002,55.650002,3000
2009-01-14,54.599998,55.650002,53.549999,53.549999,53.549999,3100
2009-01-15,52.500000,54.599998,50.400002,50.400002,50.400002,2400
2009-01-16,50.400002,56.700001,50.400002,53.549999,53.549999,2400
2009-01-20,53.549999,56.700001,50.400002,50.400002,50.400002,3600
2009-01-21,53.549999,54.599998,50.400002,54.599998,54.599998,2400
2009-01-22,52.500000,53.549999,50.400002,50.400002,50.400002,2000
2009-01-23,49.349998,52.500000,49.349998,52.500000,52.500000,2000
2009-01-26,51.450001,57.750000,50.400002,55.650002,55.650002,4400
2009-01-27,56.700001,57.750000,53.549999,54.599998,54.599998,3300
2009-01-28,54.599998,59.849998,54.599998,57.750000,57.750000,3200
2009-01-29,57.750000,59.849998,57.750000,58.799999,58.799999,3300
2009-01-30,58.799999,59.849998,57.750000,57.750000,57.750000,1400
2009-02-02,56.700001,57.750000,54.599998,57.750000,57.750000,2000
2009-02-03,56.700001,59.849998,56.700001,58.799999,58.799999,1900
2009-02-04,58.799999,59.849998,54.599998,54.599998,54.599998,1700
2009-02-05,54.599998,57.750000,51.450001,52.500000,52.500000,3200
2009-02-06,52.500000,59.849998,51.450001,53.549999,53.549999,5500
2009-02-09,53.549999,54.599998,50.400002,50.400002,50.400002,3500
2009-02-10,50.400002,52.500000,50.400002,50.400002,50.400002,3600
2009-02-11,51.450001,52.500000,49.349998,51.450001,51.450001,1900
2009-02-12,50.400002,51.450001,49.349998,50.400002,50.400002,900
2009-02-13,50.400002,51.450001,49.349998,51.450001,51.450001,1100
2009-02-17,49.349998,49.349998,47.250000,47.250000,47.250000,2600
2009-02-18,47.250000,48.299999,45.150002,45.150002,45.150002,2000
2009-02-19,43.049999,51.450001,39.900002,39.900002,39.900002,2400
2009-02-20,39.900002,45.150002,38.849998,42.000000,42.000000,3600
2009-02-23,39.900002,45.150002,39.900002,39.900002,39.900002,1900
2009-02-24,37.799999,39.900002,37.799999,39.900002,39.900002,2500
2009-02-25,38.849998,39.900002,36.750000,37.799999,37.799999,2900
2009-02-26,37.799999,39.900002,36.750000,36.750000,36.750000,3800
2009-02-27,37.799999,37.799999,35.700001,35.700001,35.700001,1800
2009-03-02,40.950001,40.950001,30.450001,30.450001,30.450001,3200
2009-03-03,28.350000,30.450001,21.000000,23.100000,23.100000,7000
2009-03-04,24.150000,30.450001,24.150000,26.250000,26.250000,5900
2009-03-05,26.250000,27.299999,23.100000,23.100000,23.100000,2200
2009-03-06,23.100000,26.250000,23.100000,24.150000,24.150000,1500
2009-03-09,25.200001,28.350000,25.200001,26.250000,26.250000,3900
2009-03-10,28.350000,30.450001,27.299999,30.450001,30.450001,2300
2009-03-11,31.500000,31.500000,27.299999,30.450001,30.450001,1900
2009-03-12,29.400000,31.500000,26.250000,30.450001,30.450001,2200
2009-03-13,30.450001,31.500000,30.450001,30.450001,30.450001,1100
2009-03-16,31.500000,34.650002,31.500000,33.599998,33.599998,1800
2009-03-17,32.549999,33.599998,30.450001,33.599998,33.599998,3100
2009-03-18,33.599998,33.599998,28.350000,32.549999,32.549999,2300
2009-03-19,32.549999,40.950001,30.450001,40.950001,40.950001,5100
2009-03-20,39.900002,54.599998,38.849998,50.400002,50.400002,7200
2009-03-23,44.099998,48.299999,44.099998,48.299999,48.299999,3500
2009-03-24,44.099998,50.400002,44.099998,48.299999,48.299999,1400
2009-03-25,50.400002,50.400002,42.000000,44.099998,44.099998,2800
2009-03-26,44.099998,46.200001,39.900002,39.900002,39.900002,2700
2009-03-27,39.900002,40.950001,32.549999,33.599998,33.599998,4400
2009-03-30,34.650002,36.750000,33.599998,34.650002,34.650002,1100
2009-03-31,36.750000,38.849998,32.549999,34.650002,34.650002,4500
2009-04-01,32.549999,36.750000,31.500000,34.650002,34.650002,2200
2009-04-02,31.500000,36.750000,31.500000,36.750000,36.750000,5600
2009-04-03,34.650002,35.700001,32.549999,33.599998,33.599998,2600
2009-04-06,32.549999,34.650002,31.500000,31.500000,31.500000,4100
2009-04-07,32.549999,44.099998,31.500000,37.799999,37.799999,8300
2009-04-08,38.849998,39.900002,34.650002,38.849998,38.849998,3800
2009-04-09,42.000000,42.000000,37.799999,40.950001,40.950001,3600
2009-04-13,39.900002,43.049999,37.799999,39.900002,39.900002,2400
2009-04-14,39.900002,39.900002,37.799999,38.849998,38.849998,1800
2009-04-15,38.849998,39.900002,37.799999,37.799999,37.799999,900
2009-04-16,37.799999,45.150002,36.750000,43.049999,43.049999,10400
2009-04-17,43.049999,44.099998,37.799999,43.049999,43.049999,4400
2009-04-20,42.000000,42.000000,37.799999,37.799999,37.799999,1800
2009-04-21,37.799999,40.950001,37.799999,40.950001,40.950001,1000
2009-04-22,39.900002,39.900002,36.750000,38.849998,38.849998,2400
2009-04-23,40.950001,40.950001,38.849998,38.849998,38.849998,4000
2009-04-24,38.849998,40.950001,36.750000,39.900002,39.900002,2200
2009-04-27,36.750000,38.849998,36.750000,36.750000,36.750000,2500
2009-04-28,36.750000,38.849998,35.700001,36.750000,36.750000,1400
2009-04-29,36.750000,39.900002,32.549999,39.900002,39.900002,4900
2009-04-30,37.799999,42.000000,35.700001,38.849998,38.849998,3200
2009-05-01,39.900002,39.900002,36.750000,36.750000,36.750000,1000
2009-05-04,36.750000,45.150002,36.750000,44.099998,44.099998,5500
2009-05-05,45.150002,69.300003,45.150002,61.950001,61.950001,44800
2009-05-06,63.000000,73.500000,57.750000,64.050003,64.050003,21800
2009-05-07,70.349998,70.349998,57.750000,57.750000,57.750000,5200
2009-05-08,59.849998,69.300003,57.750000,65.099998,65.099998,11500
2009-05-11,64.050003,82.949997,57.750000,75.599998,75.599998,12500
2009-05-12,84.000000,88.199997,63.000000,64.050003,64.050003,26500
2009-05-13,61.950001,64.050003,55.650002,57.750000,57.750000,9400
2009-05-14,52.500000,60.900002,52.500000,58.799999,58.799999,3600
2009-05-15,57.750000,60.900002,56.700001,59.849998,59.849998,3400
2009-05-18,36.750000,38.849998,29.400000,33.599998,33.599998,56800
2009-05-19,32.549999,46.200001,32.549999,45.150002,45.150002,30100
2009-05-20,44.099998,45.150002,36.750000,39.900002,39.900002,9000
2009-05-21,39.900002,39.900002,36.750000,37.799999,37.799999,3500
2009-05-22,37.799999,43.049999,37.799999,39.900002,39.900002,4200
2009-05-26,42.000000,42.000000,37.799999,40.950001,40.950001,3300
2009-05-27,40.950001,40.950001,39.900002,39.900002,39.900002,3900
2009-05-28,40.950001,40.950001,37.799999,40.950001,40.950001,2900
2009-05-29,40.950001,42.000000,37.799999,39.900002,39.900002,2400
2009-06-01,38.849998,43.049999,38.849998,40.950001,40.950001,6100
2009-06-02,40.950001,43.049999,39.900002,40.950001,40.950001,5100
2009-06-03,42.000000,44.099998,39.900002,44.099998,44.099998,2500
2009-06-04,44.099998,50.400002,43.049999,50.400002,50.400002,6700
2009-06-05,52.500000,63.000000,52.500000,55.650002,55.650002,11000
2009-06-08,55.650002,61.950001,53.549999,53.549999,53.549999,6900
2009-06-09,54.599998,58.799999,54.599998,56.700001,56.700001,3100
2009-06-10,57.750000,58.799999,52.500000,55.650002,55.650002,4200
2009-06-11,55.650002,57.750000,52.500000,53.549999,53.549999,3900
2009-06-12,53.549999,54.599998,47.250000,51.450001,51.450001,2800
2009-06-15,47.250000,50.400002,46.200001,46.200001,46.200001,3000
2009-06-16,45.150002,48.299999,44.099998,45.150002,45.150002,2400
2009-06-17,44.099998,46.200001,42.000000,43.049999,43.049999,1700
2009-06-18,42.000000,44.099998,40.950001,42.000000,42.000000,3600
2009-06-19,43.049999,49.349998,39.900002,39.900002,39.900002,8200
2009-06-22,40.950001,46.200001,40.950001,42.000000,42.000000,3400
2009-06-23,43.049999,43.049999,40.950001,43.049999,43.049999,1300
2009-06-24,43.049999,43.049999,39.900002,39.900002,39.900002,4600
2009-06-25,39.900002,40.950001,38.849998,38.849998,38.849998,2300
2009-06-26,39.900002,40.950001,29.400000,29.400000,29.400000,85200
2009-06-29,35.700001,43.049999,35.700001,37.799999,37.799999,9400
2009-06-30,38.849998,43.049999,38.849998,40.950001,40.950001,2900
2009-07-01,42.000000,43.049999,40.950001,40.950001,40.950001,2000
2009-07-02,40.950001,40.950001,38.849998,38.849998,38.849998,1300
2009-07-06,40.950001,40.950001,35.700001,35.700001,35.700001,1900
2009-07-07,37.799999,37.799999,32.549999,32.549999,32.549999,3600
2009-07-08,31.500000,38.849998,31.500000,36.750000,36.750000,3100
2009-07-09,38.849998,38.849998,34.650002,35.700001,35.700001,900
2009-07-10,33.599998,35.700001,33.599998,34.650002,34.650002,1800
2009-07-13,38.849998,38.849998,31.500000,31.500000,31.500000,2300
2009-07-14,34.650002,35.700001,33.599998,33.599998,33.599998,1000
2009-07-15,35.700001,39.900002,33.599998,36.750000,36.750000,3000
2009-07-16,37.799999,38.849998,33.599998,33.599998,33.599998,1700
2009-07-17,36.750000,36.750000,31.500000,32.549999,32.549999,4500
2009-07-20,31.500000,38.849998,31.500000,37.799999,37.799999,3800
2009-07-21,38.849998,39.900002,36.750000,38.849998,38.849998,2600
2009-07-22,40.950001,40.950001,37.799999,38.849998,38.849998,1400
2009-07-23,38.849998,40.950001,36.750000,37.799999,37.799999,2800
2009-07-24,37.799999,39.900002,37.799999,38.849998,38.849998,900
2009-07-27,39.900002,39.900002,37.799999,37.799999,37.799999,3100
2009-07-28,37.799999,40.950001,37.799999,39.900002,39.900002,2200
2009-07-29,40.950001,40.950001,38.849998,38.849998,38.849998,1900
2009-07-30,38.849998,39.900002,38.849998,38.849998,38.849998,1500
2009-07-31,39.900002,40.950001,39.900002,39.900002,39.900002,900
2009-08-03,39.900002,40.950001,38.849998,38.849998,38.849998,900
2009-08-04,38.849998,40.950001,38.849998,39.900002,39.900002,1100
2009-08-05,39.900002,42.000000,38.849998,39.900002,39.900002,2500
2009-08-06,39.900002,42.000000,37.799999,38.849998,38.849998,1600
2009-08-07,40.950001,40.950001,39.900002,39.900002,39.900002,1100
2009-08-10,39.900002,42.000000,38.849998,39.900002,39.900002,2000
2009-08-11,39.900002,40.950001,37.799999,37.799999,37.799999,2300
2009-08-12,37.799999,42.000000,37.799999,38.849998,38.849998,1900
2009-08-13,38.849998,39.900002,38.849998,38.849998,38.849998,1100
2009-08-14,38.849998,38.849998,37.799999,37.799999,37.799999,1500
2009-08-17,38.849998,39.900002,34.650002,34.650002,34.650002,1200
2009-08-18,34.650002,36.750000,34.650002,34.650002,34.650002,1100
2009-08-19,36.750000,39.900002,34.650002,37.799999,37.799999,1900
2009-08-20,38.849998,40.950001,36.750000,36.750000,36.750000,1500
2009-08-21,37.799999,40.950001,37.799999,40.950001,40.950001,5200
2009-08-24,42.000000,63.000000,40.950001,55.650002,55.650002,30200
2009-08-25,60.900002,61.950001,52.500000,56.700001,56.700001,13600
2009-08-26,56.700001,58.799999,48.299999,52.500000,52.500000,9900
2009-08-27,49.349998,54.599998,47.250000,49.349998,49.349998,3500
2009-08-28,50.400002,52.500000,46.200001,47.250000,47.250000,3700
2009-08-31,48.299999,48.299999,44.099998,44.099998,44.099998,2400
2009-09-01,46.200001,51.450001,45.150002,45.150002,45.150002,3500
2009-09-02,50.400002,50.400002,45.150002,45.150002,45.150002,1800
2009-09-03,45.150002,46.200001,45.150002,45.150002,45.150002,800
2009-09-04,45.150002,50.400002,44.099998,47.250000,47.250000,1600
2009-09-08,47.250000,54.599998,47.250000,52.500000,52.500000,3400
2009-09-09,52.500000,57.750000,52.500000,56.700001,56.700001,7000
2009-09-10,57.750000,57.750000,53.549999,53.549999,53.549999,3400
2009-09-11,52.500000,54.599998,49.349998,49.349998,49.349998,3200
2009-09-14,52.500000,52.500000,48.299999,52.500000,52.500000,1000
2009-09-15,52.500000,52.500000,50.400002,50.400002,50.400002,1400
2009-09-16,49.349998,57.750000,49.349998,52.500000,52.500000,4100
2009-09-17,54.599998,61.950001,53.549999,59.849998,59.849998,7700
2009-09-18,59.849998,70.349998,58.799999,66.150002,66.150002,24400
2009-09-21,63.000000,67.199997,58.799999,59.849998,59.849998,9600
2009-09-22,63.000000,64.050003,54.599998,55.650002,55.650002,6600
2009-09-23,53.549999,60.900002,53.549999,59.849998,59.849998,4200
2009-09-24,63.000000,65.099998,55.650002,55.650002,55.650002,4600
2009-09-25,55.650002,59.849998,55.650002,56.700001,56.700001,2300
2009-09-28,59.849998,59.849998,56.700001,56.700001,56.700001,1300
2009-09-29,59.849998,59.849998,56.700001,56.700001,56.700001,1500
2009-09-30,55.650002,55.650002,52.500000,54.599998,54.599998,3500
2009-10-01,53.549999,58.799999,52.500000,53.549999,53.549999,2900
2009-10-02,52.500000,54.599998,48.299999,52.500000,52.500000,3600
2009-10-05,48.299999,57.750000,48.299999,54.599998,54.599998,2600
2009-10-06,58.799999,58.799999,52.500000,54.599998,54.599998,3500
2009-10-07,53.549999,57.750000,52.500000,53.549999,53.549999,1200
2009-10-08,54.599998,56.700001,52.500000,53.549999,53.549999,2400
2009-10-09,52.500000,55.650002,52.500000,53.549999,53.549999,1500
2009-10-12,53.549999,54.599998,52.500000,53.549999,53.549999,1300
2009-10-13,55.650002,56.700001,50.400002,56.700001,56.700001,3000
2009-10-14,53.549999,58.799999,53.549999,54.599998,54.599998,3400
2009-10-15,57.750000,57.750000,51.450001,54.599998,54.599998,1700
2009-10-16,54.599998,55.650002,51.450001,52.500000,52.500000,2200
2009-10-19,52.500000,54.599998,51.450001,52.500000,52.500000,2700
2009-10-20,51.450001,53.549999,51.450001,51.450001,51.450001,1200
2009-10-21,52.500000,53.549999,51.450001,51.450001,51.450001,1100
2009-10-22,51.450001,57.750000,50.400002,54.599998,54.599998,2300
2009-10-23,54.599998,54.599998,51.450001,51.450001,51.450001,1900
2009-10-26,50.400002,52.500000,47.250000,50.400002,50.400002,5100
2009-10-27,50.400002,52.500000,48.299999,49.349998,49.349998,1800
2009-10-28,47.250000,48.299999,44.099998,45.150002,45.150002,3000
2009-10-29,45.150002,46.200001,42.000000,45.150002,45.150002,3700
2009-10-30,45.150002,47.250000,42.000000,42.000000,42.000000,1300
2009-11-02,42.000000,42.000000,37.799999,38.849998,38.849998,1800
2009-11-03,37.799999,38.849998,36.750000,36.750000,36.750000,3200
2009-11-04,36.750000,40.950001,36.750000,38.849998,38.849998,800
2009-11-05,38.849998,42.000000,38.849998,42.000000,42.000000,700
2009-11-06,42.000000,45.150002,38.849998,44.099998,44.099998,600
2009-11-09,47.250000,47.250000,37.799999,40.950001,40.950001,2300
2009-11-10,38.849998,42.000000,37.799999,38.849998,38.849998,1800
2009-11-11,37.799999,40.950001,37.799999,38.849998,38.849998,900
2009-11-12,38.849998,39.900002,37.799999,38.849998,38.849998,1000
2009-11-13,38.849998,40.950001,37.799999,39.900002,39.900002,1600
2009-11-16,37.799999,39.900002,37.799999,37.799999,37.799999,2100
2009-11-17,39.900002,40.950001,37.799999,38.849998,38.849998,900
2009-11-18,40.950001,45.150002,38.849998,39.900002,39.900002,2700
2009-11-19,42.000000,45.150002,39.900002,39.900002,39.900002,1600
2009-11-20,38.849998,44.099998,38.849998,38.849998,38.849998,1500
2009-11-23,39.900002,40.950001,37.799999,37.799999,37.799999,1300
2009-11-24,37.799999,39.900002,37.799999,38.849998,38.849998,800
2009-11-25,37.799999,38.849998,36.750000,37.799999,37.799999,2100
2009-11-27,40.950001,47.250000,37.799999,45.150002,45.150002,4600
2009-11-30,46.200001,67.199997,46.200001,61.950001,61.950001,31300
2009-12-01,66.150002,111.300003,64.050003,99.750000,99.750000,130400
2009-12-02,89.250000,98.699997,77.699997,88.199997,88.199997,48500
2009-12-03,79.800003,84.000000,66.150002,67.199997,67.199997,28800
2009-12-04,65.099998,79.800003,63.000000,70.349998,70.349998,25900
2009-12-07,84.000000,96.599998,74.550003,89.250000,89.250000,35400
2009-12-08,96.599998,97.650002,87.150002,93.449997,93.449997,18200
2009-12-09,94.500000,94.500000,80.849998,90.300003,90.300003,11900
2009-12-10,85.050003,90.300003,75.599998,78.750000,78.750000,10800
2009-12-11,82.949997,82.949997,78.750000,79.800003,79.800003,3400
2009-12-14,79.800003,81.900002,77.699997,80.849998,80.849998,3200
2009-12-15,82.949997,84.000000,71.400002,73.500000,73.500000,6400
2009-12-16,73.500000,82.949997,70.349998,76.650002,76.650002,7600
2009-12-17,75.599998,80.849998,74.550003,76.650002,76.650002,4000
2009-12-18,76.650002,77.699997,71.400002,73.500000,73.500000,3600
2009-12-21,79.800003,79.800003,72.449997,76.650002,76.650002,3400
2009-12-22,73.500000,76.650002,73.500000,73.500000,73.500000,2700
2009-12-23,73.500000,76.650002,72.449997,72.449997,72.449997,2400
2009-12-24,72.449997,73.500000,70.349998,72.449997,72.449997,2000
2009-12-28,72.449997,82.949997,70.349998,82.949997,82.949997,8900
2009-12-29,86.099998,86.099998,78.750000,79.800003,79.800003,7300
2009-12-30,80.849998,81.900002,77.699997,78.750000,78.750000,2100
2009-12-31,77.699997,78.750000,74.550003,74.550003,74.550003,3500
2010-01-04,74.550003,81.900002,74.550003,81.900002,81.900002,2300
2010-01-05,84.000000,88.199997,80.849998,84.000000,84.000000,9400
2010-01-06,84.000000,87.150002,80.849998,82.949997,82.949997,4000
2010-01-07,99.750000,99.750000,90.300003,93.449997,93.449997,19500
2010-01-08,96.599998,157.500000,93.449997,150.149994,150.149994,144500
2010-01-11,173.250000,288.750000,157.500000,238.350006,238.350006,496700
2010-01-12,223.649994,278.250000,220.500000,254.100006,254.100006,248800
2010-01-13,247.800003,256.200012,221.550003,231.000000,231.000000,101600
2010-01-14,225.750000,226.800003,183.750000,184.800003,184.800003,109700
2010-01-15,177.449997,261.450012,175.350006,223.649994,223.649994,352400
2010-01-19,225.750000,275.100006,225.750000,236.250000,236.250000,151700
2010-01-20,250.949997,259.350006,236.250000,238.350006,238.350006,62200
2010-01-21,246.750000,256.200012,222.600006,231.000000,231.000000,40500
2010-01-22,231.000000,231.000000,210.000000,212.100006,212.100006,30200
2010-01-25,222.600006,241.500000,222.600006,228.899994,228.899994,37800
2010-01-26,241.500000,241.500000,222.600006,228.899994,228.899994,26300
2010-01-27,220.500000,234.149994,210.000000,215.250000,215.250000,25800
2010-01-28,213.149994,235.199997,211.050003,224.699997,224.699997,39500
2010-01-29,225.750000,228.899994,213.149994,217.350006,217.350006,14200
2010-02-01,224.699997,224.699997,193.199997,204.750000,204.750000,30400
2010-02-02,208.949997,208.949997,182.699997,195.300003,195.300003,43600
2010-02-03,190.050003,231.000000,178.500000,206.850006,206.850006,127800
2010-02-04,200.550003,208.949997,192.149994,195.300003,195.300003,33800
2010-02-05,194.250000,212.100006,184.800003,201.600006,201.600006,28900
2010-02-08,206.850006,206.850006,191.100006,192.149994,192.149994,12300
2010-02-09,197.399994,199.500000,191.100006,192.149994,192.149994,10700
2010-02-10,191.100006,201.600006,191.100006,191.100006,191.100006,15800
2010-02-11,196.350006,199.500000,192.149994,197.399994,197.399994,14700
2010-02-12,194.250000,217.350006,191.100006,207.899994,207.899994,41100
2010-02-16,211.050003,220.500000,210.000000,213.149994,213.149994,14900
2010-02-17,214.199997,217.350006,201.600006,215.250000,215.250000,13900
2010-02-18,214.199997,215.250000,204.750000,206.850006,206.850006,6400
2010-02-19,204.750000,204.750000,195.300003,200.550003,200.550003,8800
2010-02-22,204.750000,246.750000,202.649994,236.250000,236.250000,101100
2010-02-23,232.050003,256.200012,231.000000,246.750000,246.750000,59600
2010-02-24,242.550003,255.149994,220.500000,225.750000,225.750000,29700
2010-02-25,219.449997,223.649994,207.899994,217.350006,217.350006,21600
2010-02-26,223.649994,234.149994,220.500000,225.750000,225.750000,19900
2010-03-01,235.199997,235.199997,222.600006,227.850006,227.850006,11700
2010-03-02,234.149994,234.149994,216.300003,218.399994,218.399994,15100
2010-03-03,225.750000,226.800003,218.399994,222.600006,222.600006,7800
2010-03-04,220.500000,221.550003,213.149994,214.199997,214.199997,10000
2010-03-05,212.100006,219.449997,212.100006,215.250000,215.250000,11700
2010-03-08,205.800003,220.500000,203.699997,203.699997,203.699997,22300
2010-03-09,203.699997,207.899994,199.500000,199.500000,199.500000,19900
2010-03-10,198.449997,200.550003,189.000000,190.050003,190.050003,22100
2010-03-11,193.199997,206.850006,192.149994,196.350006,196.350006,26900
2010-03-12,201.600006,223.649994,201.600006,210.000000,210.000000,56900
2010-03-15,216.300003,216.300003,199.500000,202.649994,202.649994,12700
2010-03-16,208.949997,210.000000,200.550003,206.850006,206.850006,8800
2010-03-17,207.899994,207.899994,197.399994,198.449997,198.449997,13600
2010-03-18,199.500000,212.100006,199.500000,201.600006,201.600006,21400
2010-03-19,204.750000,207.899994,200.550003,204.750000,204.750000,13500
2010-03-22,205.800003,207.899994,199.500000,203.699997,203.699997,11200
2010-03-23,203.699997,226.800003,201.600006,214.199997,214.199997,75100
2010-03-24,218.399994,220.500000,210.000000,210.000000,210.000000,17000
2010-03-25,211.050003,215.250000,199.500000,202.649994,202.649994,26100
2010-03-26,204.750000,218.399994,201.600006,208.949997,208.949997,31800
2010-03-29,182.699997,185.850006,116.550003,122.849998,122.849998,207800
2010-03-30,113.400002,121.800003,111.300003,116.550003,116.550003,78800
2010-03-31,116.550003,120.750000,111.300003,116.550003,116.550003,27800
2010-04-01,127.050003,151.199997,127.050003,147.000000,147.000000,128900
2010-04-05,154.350006,168.000000,153.300003,156.449997,156.449997,74300
2010-04-06,159.600006,159.600006,141.750000,151.199997,151.199997,28000
2010-04-07,151.199997,155.399994,142.800003,142.800003,142.800003,23800
2010-04-08,144.899994,151.199997,144.899994,149.100006,149.100006,18300
2010-04-09,150.149994,151.199997,142.800003,144.899994,144.899994,19400
2010-04-12,144.899994,147.000000,133.350006,135.449997,135.449997,29800
2010-04-13,141.750000,141.750000,135.449997,136.500000,136.500000,11100
2010-04-14,135.449997,136.500000,129.149994,133.350006,133.350006,19600
2010-04-15,127.050003,131.250000,126.000000,128.100006,128.100006,11600
2010-04-16,130.199997,133.350006,120.750000,120.750000,120.750000,28200
2010-04-19,126.000000,126.000000,111.300003,111.300003,111.300003,43300
2010-04-20,115.500000,136.500000,115.500000,117.599998,117.599998,65200
2010-04-21,120.750000,129.149994,119.699997,119.699997,119.699997,21700
2010-04-22,121.800003,123.900002,117.599998,122.849998,122.849998,9200
2010-04-23,122.849998,122.849998,117.599998,122.849998,122.849998,14100
2010-04-26,120.750000,124.949997,120.750000,121.800003,121.800003,8600
2010-04-27,121.800003,121.800003,118.650002,118.650002,118.650002,8800
2010-04-28,116.550003,119.699997,116.550003,119.699997,119.699997,6800
2010-04-29,121.800003,121.800003,115.500000,115.500000,115.500000,7400
2010-04-30,116.550003,119.699997,112.349998,112.349998,112.349998,9900
2010-05-03,116.550003,116.550003,113.400002,115.500000,115.500000,6900
2010-05-04,117.599998,123.900002,113.400002,119.699997,119.699997,19500
2010-05-05,120.750000,126.000000,114.449997,123.900002,123.900002,18300
2010-05-06,120.750000,133.350006,101.849998,110.250000,110.250000,40900
2010-05-07,115.500000,117.599998,105.000000,105.000000,105.000000,15100
2010-05-10,114.449997,117.599998,108.150002,109.199997,109.199997,8000
2010-05-11,108.150002,113.400002,108.150002,109.199997,109.199997,5200
2010-05-12,113.400002,113.400002,108.150002,112.349998,112.349998,5500
2010-05-13,109.199997,114.449997,109.199997,114.449997,114.449997,6700
2010-05-14,110.250000,111.300003,107.099998,111.300003,111.300003,4900
2010-05-17,107.099998,107.099998,90.300003,101.849998,101.849998,37900
2010-05-18,99.750000,99.750000,86.099998,88.199997,88.199997,15100
2010-05-19,87.150002,92.400002,75.599998,77.699997,77.699997,14600
2010-05-20,77.699997,77.699997,63.000000,69.300003,69.300003,31400
2010-05-21,68.250000,102.900002,63.000000,90.300003,90.300003,39200
2010-05-24,84.000000,90.300003,78.750000,78.750000,78.750000,10900
2010-05-25,78.750000,80.849998,68.250000,77.699997,77.699997,12800
2010-05-26,80.849998,87.150002,78.750000,79.800003,79.800003,10600
2010-05-27,81.900002,85.050003,79.800003,81.900002,81.900002,6800
2010-05-28,84.000000,87.150002,81.900002,82.949997,82.949997,7300
2010-06-01,84.000000,89.250000,80.849998,81.900002,81.900002,5400
2010-06-02,84.000000,88.199997,78.750000,88.199997,88.199997,7600
2010-06-03,88.199997,89.250000,81.900002,88.199997,88.199997,4000
2010-06-04,84.000000,84.000000,79.800003,80.849998,80.849998,3700
2010-06-07,79.800003,84.000000,75.599998,75.599998,75.599998,4700
2010-06-08,74.550003,78.750000,74.550003,76.650002,76.650002,3000
2010-06-09,88.199997,89.250000,79.800003,79.800003,79.800003,8400
2010-06-10,84.000000,84.000000,79.800003,82.949997,82.949997,4100
2010-06-11,82.949997,84.000000,80.849998,84.000000,84.000000,2600
2010-06-14,88.199997,88.199997,81.900002,84.000000,84.000000,5700
2010-06-15,84.000000,87.150002,79.800003,85.050003,85.050003,5400
2010-06-16,88.199997,89.250000,84.000000,85.050003,85.050003,4000
2010-06-17,85.050003,86.099998,79.800003,86.099998,86.099998,3700
2010-06-18,85.050003,88.199997,81.900002,85.050003,85.050003,9700
2010-06-21,85.050003,85.050003,79.800003,79.800003,79.800003,7300
2010-06-22,80.849998,81.900002,73.500000,73.500000,73.500000,5800
2010-06-23,76.650002,76.650002,69.300003,70.349998,70.349998,6600
2010-06-24,73.500000,73.500000,64.050003,64.050003,64.050003,9700
2010-06-25,63.000000,66.150002,58.799999,59.849998,59.849998,10900
2010-06-28,60.900002,61.950001,54.599998,54.599998,54.599998,9100
2010-06-29,57.750000,57.750000,47.250000,48.299999,48.299999,16700
2010-06-30,53.549999,76.650002,53.549999,67.199997,67.199997,65600
2010-07-01,67.199997,68.250000,54.599998,55.650002,55.650002,20000
2010-07-02,57.750000,64.050003,56.700001,57.750000,57.750000,9300
2010-07-06,57.750000,60.900002,52.500000,52.500000,52.500000,11000
2010-07-07,56.700001,57.750000,48.299999,50.400002,50.400002,13700
2010-07-08,49.349998,50.400002,46.200001,49.349998,49.349998,18600
2010-07-09,50.400002,50.400002,49.349998,49.349998,49.349998,7700
2010-07-12,52.500000,52.500000,49.349998,50.400002,50.400002,7700
2010-07-13,51.450001,51.450001,39.900002,46.200001,46.200001,22800
2010-07-14,46.200001,47.250000,43.049999,45.150002,45.150002,11200
2010-07-15,52.500000,54.599998,47.250000,49.349998,49.349998,66700
2010-07-16,48.299999,48.299999,44.099998,44.099998,44.099998,29100
2010-07-19,46.200001,46.200001,44.099998,44.099998,44.099998,9500
2010-07-20,44.099998,44.099998,38.849998,43.049999,43.049999,29600
2010-07-21,44.099998,45.150002,43.049999,45.150002,45.150002,11500
2010-07-22,46.200001,49.349998,45.150002,46.200001,46.200001,14600
2010-07-23,46.200001,48.299999,44.099998,46.200001,46.200001,11000
2010-07-26,45.150002,56.700001,45.150002,56.700001,56.700001,55600
2010-07-27,59.849998,65.099998,50.400002,55.650002,55.650002,37700
2010-07-28,55.650002,55.650002,51.450001,51.450001,51.450001,8300
2010-07-29,55.650002,65.099998,53.549999,60.900002,60.900002,38000
2010-07-30,60.900002,63.000000,59.849998,60.900002,60.900002,12400
2010-08-02,63.000000,64.050003,55.650002,56.700001,56.700001,14000
2010-08-03,56.700001,57.750000,51.450001,51.450001,51.450001,17200
2010-08-04,52.500000,53.549999,49.349998,52.500000,52.500000,9800
2010-08-05,52.500000,52.500000,50.400002,52.500000,52.500000,5100
2010-08-06,52.500000,52.500000,50.400002,51.450001,51.450001,3400
2010-08-09,51.450001,52.500000,45.150002,52.500000,52.500000,5100
2010-08-10,51.450001,52.500000,48.299999,51.450001,51.450001,4600
2010-08-11,52.500000,54.599998,49.349998,51.450001,51.450001,15900
2010-08-12,50.400002,52.500000,48.299999,51.450001,51.450001,5000
2010-08-13,52.500000,53.549999,50.400002,53.549999,53.549999,5700
2010-08-16,53.549999,60.900002,51.450001,54.599998,54.599998,18700
2010-08-17,63.000000,85.050003,61.950001,75.599998,75.599998,170200
2010-08-18,79.800003,85.050003,68.250000,68.250000,68.250000,74100
2010-08-19,65.099998,68.250000,64.050003,66.150002,66.150002,20900
2010-08-20,73.500000,73.500000,64.050003,67.199997,67.199997,16100
2010-08-23,70.349998,71.400002,65.099998,67.199997,67.199997,12900
2010-08-24,66.150002,66.150002,59.849998,61.950001,61.950001,22100
2010-08-25,63.000000,65.099998,58.799999,63.000000,63.000000,8300
2010-08-26,64.050003,71.400002,63.000000,66.150002,66.150002,21900
2010-08-27,70.349998,70.349998,63.000000,64.050003,64.050003,9000
2010-08-30,65.099998,67.199997,60.900002,60.900002,60.900002,8400
2010-08-31,60.900002,64.050003,59.849998,59.849998,59.849998,5100
2010-09-01,63.000000,65.099998,59.849998,60.900002,60.900002,7800
2010-09-02,59.849998,63.000000,58.799999,59.849998,59.849998,6700
2010-09-03,59.849998,63.000000,58.799999,61.950001,61.950001,5600
2010-09-07,60.900002,61.950001,59.849998,61.950001,61.950001,3200
2010-09-08,64.050003,70.349998,63.000000,67.199997,67.199997,29500
2010-09-09,71.400002,81.900002,68.250000,69.300003,69.300003,80800
2010-09-10,71.400002,74.550003,68.250000,68.250000,68.250000,17500
2010-09-13,73.500000,80.849998,68.250000,80.849998,80.849998,42700
2010-09-14,78.750000,81.900002,75.599998,75.599998,75.599998,18000
2010-09-15,80.849998,86.099998,75.599998,81.900002,81.900002,38700
2010-09-16,81.900002,82.949997,77.699997,78.750000,78.750000,21500
2010-09-17,78.750000,86.099998,74.550003,86.099998,86.099998,20200
2010-09-20,89.250000,100.800003,87.150002,99.750000,99.750000,49200
2010-09-21,102.900002,118.650002,100.800003,114.449997,114.449997,90700
2010-09-22,120.750000,131.250000,103.949997,106.050003,106.050003,96000
2010-09-23,107.099998,115.500000,95.550003,114.449997,114.449997,60800
2010-09-24,120.750000,122.849998,110.250000,114.449997,114.449997,23200
2010-09-27,108.150002,121.800003,107.099998,113.400002,113.400002,27300
2010-09-28,107.099998,111.300003,101.849998,103.949997,103.949997,65500
2010-09-29,102.900002,102.900002,88.199997,93.449997,93.449997,61800
2010-09-30,96.599998,99.750000,89.250000,93.449997,93.449997,21700
2010-10-01,92.400002,108.150002,92.400002,108.150002,108.150002,40200
2010-10-04,105.000000,110.250000,97.650002,110.250000,110.250000,30700
2010-10-05,110.250000,113.400002,103.949997,110.250000,110.250000,30800
2010-10-06,109.199997,110.250000,102.900002,105.000000,105.000000,25900
2010-10-07,108.150002,114.449997,106.050003,108.150002,108.150002,31800
2010-10-08,107.099998,112.349998,105.000000,108.150002,108.150002,23100
2010-10-11,109.199997,109.199997,105.000000,107.099998,107.099998,15600
2010-10-12,105.000000,107.099998,101.849998,105.000000,105.000000,19100
2010-10-13,114.449997,119.699997,109.199997,115.500000,115.500000,89100
2010-10-14,114.449997,115.500000,108.150002,113.400002,113.400002,31500
2010-10-15,113.400002,113.400002,105.000000,107.099998,107.099998,27100
2010-10-18,113.400002,113.400002,106.050003,106.050003,106.050003,35700
2010-10-19,106.050003,107.099998,99.750000,102.900002,102.900002,28800
2010-10-20,102.900002,105.000000,99.750000,99.750000,99.750000,11800
2010-10-21,102.900002,102.900002,93.449997,97.650002,97.650002,24100
2010-10-22,98.699997,102.900002,95.550003,97.650002,97.650002,10800
2010-10-25,99.750000,99.750000,95.550003,95.550003,95.550003,9700
2010-10-26,94.500000,99.750000,93.449997,94.500000,94.500000,10400
2010-10-27,92.400002,93.449997,89.250000,89.250000,89.250000,25500
2010-10-28,89.250000,94.500000,88.199997,91.349998,91.349998,15600
2010-10-29,91.349998,91.349998,88.199997,88.199997,88.199997,12000
2010-11-01,88.199997,89.250000,78.750000,81.900002,81.900002,26000
2010-11-02,80.849998,87.150002,80.849998,86.099998,86.099998,8700
2010-11-03,87.150002,91.349998,85.050003,85.050003,85.050003,10500
2010-11-04,87.150002,89.250000,84.000000,86.099998,86.099998,11400
2010-11-05,86.099998,90.300003,85.050003,87.150002,87.150002,14400
2010-11-08,89.250000,92.400002,87.150002,89.250000,89.250000,16700
2010-11-09,94.500000,94.500000,86.099998,87.150002,87.150002,15900
2010-11-10,89.250000,89.250000,80.849998,84.000000,84.000000,10900
2010-11-11,88.199997,95.550003,84.000000,95.550003,95.550003,28200
2010-11-12,94.500000,98.699997,88.199997,90.300003,90.300003,24700
2010-11-15,90.300003,91.349998,86.099998,87.150002,87.150002,11300
2010-11-16,89.250000,90.300003,84.000000,85.050003,85.050003,14700
2010-11-17,84.000000,87.150002,78.750000,81.900002,81.900002,13300
2010-11-18,81.900002,84.000000,76.650002,77.699997,77.699997,21300
2010-11-19,77.699997,80.849998,76.650002,79.800003,79.800003,7200
2010-11-22,80.849998,81.900002,76.650002,77.699997,77.699997,9800
2010-11-23,73.500000,75.599998,72.449997,73.500000,73.500000,14700
2010-11-24,74.550003,79.800003,73.500000,77.699997,77.699997,9700
2010-11-26,74.550003,77.699997,74.550003,74.550003,74.550003,2500
2010-11-29,74.550003,78.750000,73.500000,76.650002,76.650002,10800
2010-11-30,76.650002,78.750000,73.500000,73.500000,73.500000,5000
2010-12-01,76.650002,77.699997,69.300003,70.349998,70.349998,10000
2010-12-02,70.349998,76.650002,68.250000,73.500000,73.500000,9700
2010-12-03,72.449997,74.550003,70.349998,71.400002,71.400002,5500
2010-12-06,71.400002,72.449997,66.150002,67.199997,67.199997,21700
2010-12-07,67.199997,68.250000,65.099998,65.099998,65.099998,14300
2010-12-08,65.099998,67.199997,60.900002,63.000000,63.000000,18800
2010-12-09,63.000000,72.449997,61.950001,72.449997,72.449997,24900
2010-12-10,78.750000,81.900002,76.650002,78.750000,78.750000,38700
2010-12-13,77.699997,92.400002,77.699997,84.000000,84.000000,47300
2010-12-14,84.000000,89.250000,74.550003,81.900002,81.900002,25100
2010-12-15,82.949997,82.949997,75.599998,77.699997,77.699997,6400
2010-12-16,78.750000,79.800003,73.500000,78.750000,78.750000,13300
2010-12-17,80.849998,80.849998,75.599998,75.599998,75.599998,5900
2010-12-20,80.849998,84.000000,79.800003,81.900002,81.900002,19200
2010-12-21,81.900002,84.000000,79.800003,84.000000,84.000000,12700
2010-12-22,80.849998,82.949997,78.750000,79.800003,79.800003,9700
2010-12-23,79.800003,79.800003,75.599998,77.699997,77.699997,7600
2010-12-27,76.650002,78.750000,72.449997,74.550003,74.550003,19900
2010-12-28,76.650002,78.750000,73.500000,77.699997,77.699997,10800
2010-12-29,76.650002,80.849998,76.650002,79.800003,79.800003,10000
2010-12-30,79.800003,79.800003,76.650002,77.699997,77.699997,9800
2010-12-31,77.699997,77.699997,75.599998,75.599998,75.599998,7600
2011-01-03,77.699997,77.699997,74.550003,76.650002,76.650002,7800
2011-01-04,78.750000,101.849998,78.750000,100.800003,100.800003,138400
2011-01-05,112.349998,119.699997,103.949997,109.199997,109.199997,150300
2011-01-06,108.150002,109.199997,93.449997,95.550003,95.550003,67500
2011-01-07,96.599998,98.699997,87.150002,90.300003,90.300003,37800
2011-01-10,85.050003,98.699997,85.050003,91.349998,91.349998,39600
2011-01-11,95.550003,101.849998,87.150002,97.650002,97.650002,39700
2011-01-12,97.650002,98.699997,92.400002,96.599998,96.599998,23300
2011-01-13,96.599998,96.599998,92.400002,93.449997,93.449997,16000
2011-01-14,94.500000,94.500000,89.250000,90.300003,90.300003,16500
2011-01-18,91.349998,97.650002,87.150002,94.500000,94.500000,22700
2011-01-19,94.500000,94.500000,90.300003,91.349998,91.349998,11200
2011-01-20,91.349998,93.449997,79.800003,85.050003,85.050003,31000
2011-01-21,91.349998,94.500000,87.150002,89.250000,89.250000,21000
2011-01-24,90.300003,92.400002,86.099998,87.150002,87.150002,16600
2011-01-25,87.150002,91.349998,87.150002,88.199997,88.199997,7000
2011-01-26,91.349998,96.599998,87.150002,89.250000,89.250000,32400
2011-01-27,91.349998,94.500000,90.300003,92.400002,92.400002,12200
2011-01-28,94.500000,94.500000,89.250000,90.300003,90.300003,10200
2011-01-31,90.300003,91.349998,88.199997,89.250000,89.250000,8900
2011-02-01,90.300003,90.300003,86.099998,87.150002,87.150002,14500
2011-02-02,86.099998,87.150002,86.099998,86.099998,86.099998,7500
2011-02-03,87.150002,91.349998,86.099998,88.199997,88.199997,10100
2011-02-04,87.150002,89.250000,82.949997,85.050003,85.050003,18900
2011-02-07,87.150002,87.150002,78.750000,79.800003,79.800003,28700
2011-02-08,80.849998,81.900002,75.599998,80.849998,80.849998,28500
2011-02-09,82.949997,89.250000,78.750000,81.900002,81.900002,36900
2011-02-10,84.000000,84.000000,78.750000,79.800003,79.800003,20500
2011-02-11,81.900002,81.900002,76.650002,76.650002,76.650002,20500
2011-02-14,76.650002,80.849998,76.650002,78.750000,78.750000,11800
2011-02-15,80.849998,80.849998,76.650002,77.699997,77.699997,9500
2011-02-16,78.750000,79.800003,76.650002,77.699997,77.699997,10500
2011-02-17,80.849998,80.849998,77.699997,77.699997,77.699997,8300
2011-02-18,80.849998,80.849998,77.699997,77.699997,77.699997,8400
2011-02-22,78.750000,80.849998,77.699997,77.699997,77.699997,14000
2011-02-23,78.750000,78.750000,74.550003,75.599998,75.599998,17300
2011-02-24,77.699997,77.699997,73.500000,75.599998,75.599998,9700
2011-02-25,76.650002,77.699997,70.349998,74.550003,74.550003,16500
2011-02-28,73.500000,74.550003,71.400002,71.400002,71.400002,12700
2011-03-01,70.349998,71.400002,68.250000,69.300003,69.300003,14900
2011-03-02,69.300003,78.750000,68.250000,74.550003,74.550003,30300
2011-03-03,77.699997,86.099998,76.650002,78.750000,78.750000,56300
2011-03-04,78.750000,81.900002,70.349998,72.449997,72.449997,29300
2011-03-07,74.550003,81.900002,74.550003,75.599998,75.599998,30000
2011-03-08,77.699997,77.699997,72.449997,77.699997,77.699997,14900
2011-03-09,75.599998,75.599998,73.500000,74.550003,74.550003,6900
2011-03-10,74.550003,75.599998,71.400002,73.500000,73.500000,14900
2011-03-11,71.400002,73.500000,70.349998,72.449997,72.449997,6000
2011-03-14,72.449997,72.449997,70.349998,71.400002,71.400002,6700
2011-03-15,70.349998,70.349998,66.150002,69.300003,69.300003,14200
2011-03-16,68.250000,72.449997,68.250000,70.349998,70.349998,11500
2011-03-17,71.400002,71.400002,70.349998,71.400002,71.400002,3700
2011-03-18,72.449997,73.500000,70.349998,71.400002,71.400002,11800
2011-03-21,72.449997,73.500000,68.250000,72.449997,72.449997,8500
2011-03-22,73.500000,74.550003,72.449997,73.500000,73.500000,10300
2011-03-23,73.500000,73.500000,70.349998,73.500000,73.500000,6300
2011-03-24,74.550003,74.550003,71.400002,73.500000,73.500000,8400
2011-03-25,74.550003,74.550003,71.400002,72.449997,72.449997,14900
2011-03-28,75.599998,75.599998,69.300003,71.400002,71.400002,18800
2011-03-29,73.500000,73.500000,63.000000,64.050003,64.050003,44700
2011-03-30,64.050003,71.400002,64.050003,64.050003,64.050003,37000
2011-03-31,67.199997,68.250000,64.050003,66.150002,66.150002,16100
2011-04-01,68.250000,68.250000,65.099998,65.099998,65.099998,10400
2011-04-04,65.099998,66.150002,63.000000,63.000000,63.000000,9200
2011-04-05,63.000000,64.050003,54.599998,58.799999,58.799999,36500
2011-04-06,58.799999,60.900002,54.599998,56.700001,56.700001,17600
2011-04-07,55.650002,56.700001,53.549999,53.549999,53.549999,24100
2011-04-08,54.599998,57.750000,53.549999,54.599998,54.599998,22700
2011-04-11,54.599998,55.650002,52.500000,53.549999,53.549999,10000
2011-04-12,53.549999,54.599998,48.299999,48.299999,48.299999,34300
2011-04-13,49.349998,52.500000,49.349998,51.450001,51.450001,11800
2011-04-14,55.650002,55.650002,52.500000,53.549999,53.549999,13900
2011-04-15,55.650002,57.750000,53.549999,54.599998,54.599998,14900
2011-04-18,56.700001,56.700001,52.500000,54.599998,54.599998,7600
2011-04-19,54.599998,54.599998,50.400002,51.450001,51.450001,10800
2011-04-20,52.500000,52.500000,48.299999,49.349998,49.349998,14900
2011-04-21,48.299999,51.450001,47.250000,49.349998,49.349998,11800
2011-04-25,50.400002,53.549999,48.299999,49.349998,49.349998,17300
2011-04-26,50.400002,53.549999,49.349998,49.349998,49.349998,10400
2011-04-27,51.450001,51.450001,48.299999,48.299999,48.299999,11700
2011-04-28,50.400002,50.400002,48.299999,49.349998,49.349998,10400
2011-04-29,50.400002,50.400002,48.299999,49.349998,49.349998,9600
2011-05-02,50.400002,50.400002,45.150002,45.150002,45.150002,19000
2011-05-03,46.200001,49.349998,43.049999,43.049999,43.049999,24200
2011-05-04,45.150002,47.250000,43.049999,43.049999,43.049999,24500
2011-05-05,44.099998,44.099998,42.000000,42.000000,42.000000,26200
2011-05-06,45.150002,45.150002,40.950001,43.049999,43.049999,22100
2011-05-09,44.099998,45.150002,40.950001,43.049999,43.049999,22000
2011-05-10,42.000000,43.049999,40.950001,42.000000,42.000000,23200
2011-05-11,40.950001,42.000000,38.849998,40.950001,40.950001,37800
2011-05-12,48.299999,55.650002,46.200001,50.400002,50.400002,147900
2011-05-13,52.500000,53.549999,45.150002,47.250000,47.250000,41200
2011-05-16,47.250000,48.299999,43.049999,45.150002,45.150002,28300
2011-05-17,45.150002,45.150002,42.000000,42.000000,42.000000,21500
2011-05-18,42.000000,44.099998,39.900002,40.950001,40.950001,21000
2011-05-19,42.000000,43.049999,39.900002,39.900002,39.900002,12600
2011-05-20,40.950001,42.000000,38.849998,39.900002,39.900002,18800
2011-05-23,40.950001,40.950001,37.799999,37.799999,37.799999,16100
2011-05-24,38.849998,43.049999,37.799999,39.900002,39.900002,20900
2011-05-25,42.000000,43.049999,39.900002,42.000000,42.000000,18200
2011-05-26,42.000000,43.049999,39.900002,39.900002,39.900002,6200
2011-05-27,39.900002,42.000000,39.900002,42.000000,42.000000,7800
2011-05-31,42.000000,42.000000,39.900002,39.900002,39.900002,9600
2011-06-01,40.950001,40.950001,36.750000,37.799999,37.799999,23300
2011-06-02,38.849998,39.900002,35.700001,35.700001,35.700001,18500
2011-06-03,36.750000,36.750000,32.549999,33.599998,33.599998,31000
2011-06-06,33.599998,34.650002,29.400000,30.450001,30.450001,48700
2011-06-07,29.400000,30.450001,25.200001,26.250000,26.250000,11400
2011-06-08,23.100000,25.049999,22.799999,23.250000,23.250000,20200
2011-06-09,23.250000,23.850000,22.650000,22.650000,22.650000,13600
2011-06-10,22.500000,22.500000,18.750000,19.799999,19.799999,33100
2011-06-13,21.299999,28.500000,20.400000,21.900000,21.900000,157400
2011-06-14,20.700001,23.700001,20.549999,22.500000,22.500000,55400
2011-06-15,22.799999,22.799999,21.150000,21.750000,21.750000,26700
2011-06-16,21.150000,21.750000,18.750000,19.049999,19.049999,37600
2011-06-17,19.350000,22.500000,19.200001,22.500000,22.500000,50300
2011-06-20,22.049999,28.200001,21.900000,25.049999,25.049999,69300
2011-06-21,27.750000,27.750000,22.950001,23.400000,23.400000,43500
2011-06-22,23.549999,24.150000,21.900000,22.200001,22.200001,25400
2011-06-23,21.750000,23.700001,20.850000,21.900000,21.900000,21200
2011-06-24,21.900000,22.500000,20.700001,21.600000,21.600000,23500
2011-06-27,21.600000,21.600000,20.549999,20.850000,20.850000,16000
2011-06-28,20.850000,21.000000,19.500000,19.799999,19.799999,23200
2011-06-29,19.950001,20.250000,17.250000,17.549999,17.549999,84800
2011-06-30,17.700001,18.450001,16.200001,16.200001,16.200001,76800
2011-07-01,17.250000,18.000000,16.200001,16.650000,16.650000,88600
2011-07-05,16.500000,19.650000,16.500000,17.100000,17.100000,115400
2011-07-06,17.700001,17.700001,16.650000,16.950001,16.950001,28200
2011-07-07,17.549999,17.549999,16.049999,16.650000,16.650000,32100
2011-07-08,16.650000,16.650000,15.450000,15.600000,15.600000,31000
2011-07-11,15.900000,16.350000,15.450000,16.049999,16.049999,25600
2011-07-12,16.200001,16.350000,14.700000,15.150000,15.150000,50400
2011-07-13,15.600000,15.600000,14.400000,15.000000,15.000000,25500
2011-07-14,14.700000,15.000000,13.800000,14.250000,14.250000,39400
2011-07-15,14.550000,14.850000,13.800000,14.850000,14.850000,22500
2011-07-18,14.850000,16.049999,14.550000,14.550000,14.550000,48000
2011-07-19,14.550000,15.300000,14.550000,15.000000,15.000000,22200
2011-07-20,15.300000,15.450000,14.850000,15.150000,15.150000,20200
2011-07-21,15.150000,15.300000,14.100000,14.700000,14.700000,50500
2011-07-22,15.000000,15.000000,14.250000,14.700000,14.700000,26000
2011-07-25,15.150000,16.200001,14.550000,14.850000,14.850000,177600
2011-07-26,15.000000,15.600000,14.550000,14.700000,14.700000,64700
2011-07-27,15.150000,15.300000,14.550000,14.700000,14.700000,66400
2011-07-28,15.150000,16.799999,14.550000,16.200001,16.200001,149500
2011-07-29,14.550000,14.700000,12.750000,12.900000,12.900000,194500
2011-08-01,13.500000,13.650000,12.450000,12.900000,12.900000,55100
2011-08-02,13.050000,13.050000,11.550000,11.550000,11.550000,45400
2011-08-03,11.700000,11.850000,9.150000,10.800000,10.800000,81300
2011-08-04,10.800000,10.800000,9.300000,9.600000,9.600000,49900
2011-08-05,9.750000,10.050000,9.000000,9.450000,9.450000,53700
2011-08-08,9.150000,9.450000,8.100000,9.450000,9.450000,65900
2011-08-09,9.300000,9.900000,8.550000,8.550000,8.550000,82000
2011-08-10,8.850000,8.850000,7.650000,7.650000,7.650000,85700
2011-08-11,7.950000,7.950000,6.750000,7.350000,7.350000,142900
2011-08-12,7.800000,7.950000,6.600000,6.750000,6.750000,111100
2011-08-15,6.750000,7.200000,6.150000,6.150000,6.150000,161600
2011-08-16,6.300000,6.750000,5.700000,5.700000,5.700000,509900
2011-08-17,6.150000,6.300000,5.250000,5.400000,5.400000,431100
2011-08-18,5.550000,5.700000,4.950000,5.250000,5.250000,178700
2011-08-19,5.400000,6.150000,5.250000,5.250000,5.250000,297400
2011-08-22,5.700000,5.700000,4.950000,5.100000,5.100000,133600
2011-08-23,5.250000,5.550000,5.100000,5.100000,5.100000,241100
2011-08-24,5.100000,6.000000,5.100000,5.100000,5.100000,352100
2011-08-25,5.250000,5.700000,5.250000,5.250000,5.250000,136000
2011-08-26,5.550000,6.450000,5.250000,6.450000,6.450000,314000
2011-08-29,7.200000,8.100000,6.450000,6.750000,6.750000,543900
2011-08-30,7.050000,7.200000,6.300000,6.900000,6.900000,171500
2011-08-31,7.050000,7.050000,6.450000,6.900000,6.900000,85100
2011-09-01,7.050000,7.050000,6.300000,6.450000,6.450000,94300
2011-09-02,6.600000,7.650000,6.600000,7.050000,7.050000,402300
2011-09-06,7.050000,7.050000,6.450000,6.450000,6.450000,112700
2011-09-07,6.600000,7.200000,6.450000,6.450000,6.450000,154400
2011-09-08,6.900000,6.900000,5.700000,5.850000,5.850000,205800
2011-09-09,5.700000,5.850000,5.400000,5.700000,5.700000,104500
2011-09-12,5.550000,5.700000,5.400000,5.550000,5.550000,76100
2011-09-13,5.700000,5.700000,5.250000,5.400000,5.400000,67900
2011-09-14,5.850000,6.000000,5.550000,5.550000,5.550000,122400
2011-09-15,5.850000,6.000000,5.550000,5.700000,5.700000,60200
2011-09-16,6.000000,6.000000,5.100000,5.250000,5.250000,116100
2011-09-19,5.100000,5.100000,3.750000,4.350000,4.350000,226500
2011-09-20,4.500000,4.650000,4.200000,4.350000,4.350000,51900
2011-09-21,4.200000,4.350000,4.200000,4.200000,4.200000,59200
2011-09-22,4.200000,5.100000,4.050000,4.350000,4.350000,208300
2011-09-23,4.200000,4.800000,4.200000,4.800000,4.800000,93600
2011-09-26,4.950000,5.100000,4.500000,4.650000,4.650000,133900
2011-09-27,4.800000,4.950000,4.650000,4.650000,4.650000,54500
2011-09-28,4.650000,4.800000,4.200000,4.500000,4.500000,55900
2011-09-29,4.500000,4.650000,4.200000,4.350000,4.350000,64900
2011-09-30,4.350000,4.500000,4.200000,4.350000,4.350000,52400
2011-10-03,4.050000,4.800000,3.900000,4.050000,4.050000,80900
2011-10-04,4.050000,4.800000,3.750000,4.200000,4.200000,109100
2011-10-05,4.350000,4.650000,4.050000,4.350000,4.350000,44700
2011-10-06,4.350000,4.500000,4.200000,4.350000,4.350000,32500
2011-10-07,4.050000,4.800000,4.050000,4.350000,4.350000,78300
2011-10-10,4.500000,4.800000,4.200000,4.650000,4.650000,226700
2011-10-11,4.650000,5.100000,4.350000,4.650000,4.650000,189600
2011-10-12,4.800000,4.950000,4.650000,4.650000,4.650000,71300
2011-10-13,4.800000,4.950000,4.650000,4.950000,4.950000,58400
2011-10-14,4.950000,5.400000,4.500000,4.500000,4.500000,208800
2011-10-17,4.650000,4.650000,4.050000,4.650000,4.650000,241100
2011-10-18,4.650000,4.800000,4.350000,4.650000,4.650000,71600
2011-10-19,4.500000,4.800000,4.500000,4.500000,4.500000,63600
2011-10-20,4.800000,5.100000,4.500000,4.500000,4.500000,316100
2011-10-21,4.650000,4.800000,4.500000,4.800000,4.800000,73800
2011-10-24,4.800000,5.400000,4.800000,5.100000,5.100000,211000
2011-10-25,5.100000,5.100000,4.650000,4.650000,4.650000,157600
2011-10-26,4.800000,5.400000,4.800000,5.100000,5.100000,374500
2011-10-27,6.300000,6.300000,5.400000,5.550000,5.550000,1404800
2011-10-28,5.850000,6.900000,5.400000,6.300000,6.300000,715800
2011-10-31,6.750000,7.950000,6.450000,6.900000,6.900000,1174600
2011-11-01,6.750000,6.750000,6.000000,6.300000,6.300000,449800
2011-11-02,7.050000,8.100000,6.750000,7.950000,7.950000,892900
2011-11-03,9.000000,10.650000,8.550000,10.650000,10.650000,1734200
2011-11-04,10.650000,11.550000,9.750000,10.350000,10.350000,1127400
2011-11-07,10.800000,11.250000,9.150000,9.150000,9.150000,909200
2011-11-08,9.600000,10.350000,8.100000,10.050000,10.050000,982900
2011-11-09,9.300000,11.100000,9.150000,10.200000,10.200000,651800
2011-11-10,10.950000,11.400000,10.200000,10.500000,10.500000,664600
2011-11-11,11.250000,13.950000,10.800000,13.050000,13.050000,1309100
2011-11-14,13.050000,15.900000,12.450000,15.150000,15.150000,1711200
2011-11-15,15.450000,20.700001,15.150000,19.950001,19.950001,1917600
2011-11-16,20.100000,27.750000,19.500000,20.850000,20.850000,3715300
2011-11-17,20.250000,24.000000,18.750000,21.000000,21.000000,1885400
2011-11-18,22.350000,23.700001,18.299999,19.049999,19.049999,859000
2011-11-21,17.549999,18.000000,15.300000,17.250000,17.250000,1059900
2011-11-22,17.250000,19.799999,16.200001,18.450001,18.450001,812900
2011-11-23,18.900000,19.650000,17.400000,18.150000,18.150000,401900
2011-11-25,19.049999,20.400000,18.900000,18.900000,18.900000,517400
2011-11-28,21.000000,21.299999,16.799999,18.600000,18.600000,927800
2011-11-29,18.750000,19.200001,16.350000,17.250000,17.250000,543100
2011-11-30,17.549999,18.299999,15.750000,15.750000,15.750000,598300
2011-12-01,16.799999,20.400000,16.350000,20.250000,20.250000,1179900
2011-12-02,21.150000,23.850000,21.000000,22.350000,22.350000,1546700
2011-12-05,23.250000,24.150000,19.799999,20.549999,20.549999,1021500
2011-12-06,19.950001,20.250000,18.900000,19.950001,19.950001,448700
2011-12-07,19.500000,19.799999,18.600000,19.049999,19.049999,299000
2011-12-08,18.750000,20.400000,18.600000,19.350000,19.350000,323300
2011-12-09,18.750000,19.500000,16.650000,18.150000,18.150000,1016400
2011-12-12,18.150000,18.600000,17.400000,18.150000,18.150000,139700
2011-12-13,18.750000,18.750000,16.500000,17.250000,17.250000,333900
2011-12-14,16.799999,17.250000,15.750000,15.900000,15.900000,273100
2011-12-15,15.000000,15.000000,12.600000,12.900000,12.900000,821300
2011-12-16,12.900000,14.850000,12.900000,13.650000,13.650000,393200
2011-12-19,13.800000,14.250000,12.450000,12.750000,12.750000,207000
2011-12-20,13.800000,14.700000,13.500000,13.800000,13.800000,251500
2011-12-21,14.250000,14.250000,13.350000,13.650000,13.650000,90200
2011-12-22,13.500000,13.500000,12.300000,12.750000,12.750000,198200
2011-12-23,13.050000,13.200000,12.600000,12.750000,12.750000,89800
2011-12-27,13.350000,13.650000,12.900000,13.200000,13.200000,143200
2011-12-28,13.800000,17.700001,13.200000,17.250000,17.250000,592100
2011-12-29,17.549999,19.350000,15.900000,17.100000,17.100000,1104000
2011-12-30,16.049999,17.100000,15.450000,15.900000,15.900000,227200
2012-01-03,16.650000,17.400000,16.049999,16.650000,16.650000,212800
2012-01-04,16.500000,16.650000,16.049999,16.350000,16.350000,100200
2012-01-05,16.650000,18.000000,16.200001,16.650000,16.650000,422400
2012-01-06,17.400000,17.400000,15.300000,15.450000,15.450000,277600
2012-01-09,16.200001,16.350000,15.000000,15.600000,15.600000,192600
2012-01-10,15.900000,15.900000,15.300000,15.600000,15.600000,140100
2012-01-11,15.900000,16.200001,15.000000,15.900000,15.900000,194800
2012-01-12,15.900000,17.250000,15.450000,17.100000,17.100000,377500
2012-01-13,17.100000,18.600000,16.500000,17.549999,17.549999,611300
2012-01-17,18.000000,18.299999,16.650000,16.950001,16.950001,362900
2012-01-18,17.250000,17.400000,16.650000,17.400000,17.400000,173200
2012-01-19,17.850000,17.850000,16.950001,17.250000,17.250000,139100
2012-01-20,17.250000,17.400000,16.950001,17.400000,17.400000,133200
2012-01-23,17.250000,19.200001,17.250000,18.600000,18.600000,703900
2012-01-24,18.750000,19.049999,17.700001,18.299999,18.299999,254900
2012-01-25,18.000000,18.450001,17.400000,17.850000,17.850000,169700
2012-01-26,17.850000,18.000000,15.900000,16.350000,16.350000,243100
2012-01-27,16.500000,16.650000,15.150000,15.900000,15.900000,368900
2012-01-30,15.600000,15.900000,15.300000,15.900000,15.900000,144900
2012-01-31,16.049999,16.049999,15.450000,15.600000,15.600000,115500
2012-02-01,16.049999,17.100000,15.600000,16.350000,16.350000,291200
2012-02-02,16.049999,17.250000,16.049999,16.350000,16.350000,228200
2012-02-03,16.500000,16.799999,16.200001,16.350000,16.350000,114300
2012-02-06,16.350000,16.500000,16.200001,16.500000,16.500000,100600
2012-02-07,16.500000,16.500000,15.900000,16.350000,16.350000,91800
2012-02-08,16.350000,17.100000,15.900000,16.950001,16.950001,140900
2012-02-09,17.250000,20.100000,17.250000,17.700001,17.700001,1301200
2012-02-10,17.700001,18.900000,16.799999,17.100000,17.100000,480300
2012-02-13,17.400000,18.000000,16.950001,17.400000,17.400000,214600
2012-02-14,17.549999,17.549999,16.200001,16.500000,16.500000,600700
2012-02-15,16.500000,16.500000,15.450000,15.750000,15.750000,367500
2012-02-16,15.750000,16.799999,15.450000,16.049999,16.049999,281300
2012-02-17,16.200001,16.799999,15.900000,16.350000,16.350000,256700
2012-02-21,16.650000,17.250000,16.350000,16.500000,16.500000,199400
2012-02-22,17.100000,17.100000,16.500000,16.799999,16.799999,172500
2012-02-23,16.950001,16.950001,16.200001,16.350000,16.350000,143400
2012-02-24,17.250000,21.299999,17.250000,20.850000,20.850000,1889600
2012-02-27,21.600000,25.350000,21.450001,24.150000,24.150000,2387300
2012-02-28,18.750000,20.100000,17.400000,18.299999,18.299999,1387200
2012-02-29,18.299999,20.400000,18.000000,18.450001,18.450001,866500
2012-03-01,18.750000,19.049999,17.400000,17.850000,17.850000,591300
2012-03-02,18.450001,18.450001,17.100000,17.100000,17.100000,400100
2012-03-05,17.250000,17.250000,16.200001,16.350000,16.350000,401600
2012-03-06,16.049999,16.049999,15.150000,15.600000,15.600000,370200
2012-03-07,15.750000,16.500000,15.600000,16.200001,16.200001,228400
2012-03-08,16.200001,16.650000,15.750000,16.049999,16.049999,170300
2012-03-09,16.049999,16.350000,15.750000,15.900000,15.900000,119700
2012-03-12,16.200001,17.400000,15.900000,17.250000,17.250000,352300
2012-03-13,17.250000,17.400000,16.650000,16.950001,16.950001,151500
2012-03-14,16.799999,17.100000,16.350000,16.650000,16.650000,97100
2012-03-15,16.950001,17.100000,16.500000,17.100000,17.100000,148500
2012-03-16,17.400000,18.000000,16.799999,17.549999,17.549999,349900
2012-03-19,17.850000,18.450001,17.549999,17.549999,17.549999,262500
2012-03-20,17.700001,17.700001,16.799999,16.950001,16.950001,135900
2012-03-21,17.100000,17.100000,16.350000,16.799999,16.799999,154500
2012-03-22,16.650000,16.650000,16.350000,16.500000,16.500000,154600
2012-03-23,16.350000,16.500000,16.049999,16.200001,16.200001,119300
2012-03-26,16.049999,17.250000,16.049999,16.650000,16.650000,167400
2012-03-27,16.799999,16.950001,16.200001,16.200001,16.200001,137700
2012-03-28,16.200001,16.500000,16.049999,16.049999,16.049999,114400
2012-03-29,16.650000,16.650000,16.200001,16.500000,16.500000,86300
2012-03-30,16.500000,16.500000,16.049999,16.500000,16.500000,113200
2012-04-02,16.350000,16.500000,16.200001,16.200001,16.200001,113300
2012-04-03,16.950001,16.950001,16.049999,16.500000,16.500000,134700
2012-04-04,16.350000,16.350000,15.900000,16.049999,16.049999,116100
2012-04-05,15.900000,16.350000,15.750000,16.350000,16.350000,110800
2012-04-09,15.900000,16.049999,15.750000,16.049999,16.049999,74000
2012-04-10,16.049999,16.049999,13.650000,14.400000,14.400000,314600
2012-04-11,15.000000,15.600000,14.700000,15.300000,15.300000,119300
2012-04-12,15.300000,15.600000,15.150000,15.300000,15.300000,66600
2012-04-13,15.150000,15.450000,14.700000,14.850000,14.850000,70000
2012-04-16,13.800000,13.950000,12.300000,12.600000,12.600000,261600
2012-04-17,12.900000,13.650000,12.750000,13.350000,13.350000,138900
2012-04-18,13.650000,13.800000,12.900000,13.200000,13.200000,52100
2012-04-19,13.050000,13.050000,12.750000,12.750000,12.750000,67400
2012-04-20,13.650000,16.350000,13.200000,15.300000,15.300000,495000
2012-04-23,15.600000,15.900000,14.100000,15.150000,15.150000,238200
2012-04-24,15.300000,15.300000,14.400000,14.850000,14.850000,52700
2012-04-25,15.000000,15.150000,14.700000,15.150000,15.150000,63800
2012-04-26,15.000000,15.000000,14.700000,14.850000,14.850000,48000
2012-04-27,14.700000,14.700000,12.900000,13.650000,13.650000,206900
2012-04-30,14.100000,14.250000,13.650000,13.950000,13.950000,41400
2012-05-01,13.950000,14.100000,13.650000,13.800000,13.800000,49000
2012-05-02,13.500000,13.650000,13.200000,13.350000,13.350000,49000
2012-05-03,13.350000,13.800000,13.350000,13.350000,13.350000,53000
2012-05-04,13.650000,13.800000,13.350000,13.500000,13.500000,39800
2012-05-07,13.500000,13.800000,12.750000,13.200000,13.200000,91100
2012-05-08,13.350000,13.500000,12.750000,12.900000,12.900000,46200
2012-05-09,13.050000,16.049999,13.050000,14.850000,14.850000,447600
2012-05-10,15.450000,16.049999,13.650000,14.100000,14.100000,331900
2012-05-11,12.150000,13.050000,11.850000,12.300000,12.300000,279800
2012-05-14,12.450000,12.750000,11.700000,11.700000,11.700000,112700
2012-05-15,12.000000,12.150000,10.650000,10.650000,10.650000,198700
2012-05-16,10.500000,10.500000,9.600000,10.200000,10.200000,218900
2012-05-17,10.200000,10.500000,9.900000,10.050000,10.050000,62600
2012-05-18,10.200000,10.200000,7.950000,8.700000,8.700000,229900
2012-05-21,8.400000,9.300000,8.400000,8.850000,8.850000,80200
2012-05-22,9.450000,10.350000,9.300000,9.900000,9.900000,111800
2012-05-23,10.050000,10.500000,9.600000,10.350000,10.350000,76600
2012-05-24,10.650000,11.250000,10.650000,11.250000,11.250000,100400
2012-05-25,11.250000,11.250000,10.650000,10.800000,10.800000,39600
2012-05-29,10.650000,11.100000,10.350000,10.350000,10.350000,25000
2012-05-30,10.350000,10.500000,9.300000,9.450000,9.450000,71800
2012-05-31,10.050000,10.050000,9.450000,9.600000,9.600000,30700
2012-06-01,9.450000,10.800000,9.150000,9.600000,9.600000,95100
2012-06-04,9.600000,9.750000,8.850000,8.850000,8.850000,58000
2012-06-05,8.850000,9.450000,8.850000,9.000000,9.000000,23900
2012-06-06,9.300000,9.600000,9.000000,9.600000,9.600000,29100
2012-06-07,9.600000,10.050000,9.600000,9.900000,9.900000,35500
2012-06-08,9.750000,9.900000,9.600000,9.900000,9.900000,21700
2012-06-11,9.450000,9.900000,9.300000,9.600000,9.600000,41500
2012-06-12,9.600000,9.750000,9.300000,9.300000,9.300000,44100
2012-06-13,9.450000,9.450000,9.000000,9.000000,9.000000,30000
2012-06-14,9.450000,9.450000,9.000000,9.150000,9.150000,21000
2012-06-15,9.300000,9.600000,9.150000,9.600000,9.600000,21200
2012-06-18,9.000000,9.600000,9.000000,9.000000,9.000000,37500
2012-06-19,9.300000,9.600000,9.150000,9.450000,9.450000,30100
2012-06-20,9.450000,9.450000,9.150000,9.150000,9.150000,32700
2012-06-21,9.300000,9.450000,9.150000,9.150000,9.150000,37100
2012-06-22,9.150000,9.450000,8.550000,8.550000,8.550000,53100
2012-06-25,8.700000,8.700000,8.250000,8.550000,8.550000,52700
2012-06-26,8.100000,8.700000,7.950000,8.250000,8.250000,21100
2012-06-27,8.400000,8.400000,7.800000,7.950000,7.950000,48900
2012-06-28,5.100000,5.400000,4.650000,5.250000,5.250000,1234200
2012-06-29,5.550000,5.550000,5.100000,5.400000,5.400000,321900
2012-07-02,5.400000,5.550000,4.950000,5.250000,5.250000,198600
2012-07-03,5.100000,5.250000,5.100000,5.100000,5.100000,87800
2012-07-05,5.400000,5.400000,4.950000,4.950000,4.950000,192900
2012-07-06,4.950000,4.950000,4.650000,4.950000,4.950000,104100
2012-07-09,4.950000,4.950000,4.800000,4.800000,4.800000,118800
2012-07-10,4.950000,4.950000,4.800000,4.950000,4.950000,94200
2012-07-11,4.950000,5.100000,4.950000,4.950000,4.950000,89900
2012-07-12,4.950000,4.950000,4.350000,4.500000,4.500000,190600
2012-07-13,4.500000,4.500000,4.050000,4.350000,4.350000,249100
2012-07-16,4.050000,5.100000,4.050000,4.800000,4.800000,457000
2012-07-17,5.100000,5.100000,4.500000,4.650000,4.650000,164000
2012-07-18,4.500000,4.650000,4.350000,4.350000,4.350000,90200
2012-07-19,4.500000,4.650000,4.200000,4.500000,4.500000,101200
2012-07-20,4.500000,4.950000,4.500000,4.500000,4.500000,125900
2012-07-23,4.650000,4.650000,4.500000,4.500000,4.500000,53300
2012-07-24,4.800000,4.800000,4.500000,4.500000,4.500000,95700
2012-07-25,4.500000,6.150000,4.500000,6.000000,6.000000,871400
2012-07-26,6.600000,6.750000,5.250000,5.700000,5.700000,756400
2012-07-27,5.550000,5.550000,4.800000,4.950000,4.950000,274700
2012-07-30,5.250000,5.550000,5.100000,5.250000,5.250000,173600
2012-07-31,5.250000,5.400000,4.950000,4.950000,4.950000,115500
2012-08-01,4.950000,5.400000,4.950000,4.950000,4.950000,181500
2012-08-02,4.950000,5.250000,4.950000,4.950000,4.950000,99000
2012-08-03,5.100000,5.100000,4.950000,4.950000,4.950000,58900
2012-08-06,4.950000,5.100000,4.950000,4.950000,4.950000,50100
2012-08-07,5.100000,5.400000,5.100000,5.100000,5.100000,106900
2012-08-08,5.250000,5.250000,4.950000,4.950000,4.950000,108600
2012-08-09,4.950000,5.100000,4.650000,4.650000,4.650000,189100
2012-08-10,4.650000,5.100000,4.650000,4.650000,4.650000,130000
2012-08-13,4.950000,4.950000,4.650000,4.650000,4.650000,52600
2012-08-14,4.950000,4.950000,4.650000,4.950000,4.950000,115900
2012-08-15,5.100000,5.250000,4.650000,4.650000,4.650000,154000
2012-08-16,4.650000,4.950000,4.500000,4.500000,4.500000,134300
2012-08-17,4.500000,4.650000,4.350000,4.350000,4.350000,150800
2012-08-20,4.500000,4.650000,4.200000,4.350000,4.350000,106900
2012-08-21,4.350000,4.800000,4.350000,4.650000,4.650000,117400
2012-08-22,4.800000,4.800000,4.650000,4.800000,4.800000,77700
2012-08-23,4.800000,4.950000,4.650000,4.950000,4.950000,99600
2012-08-24,4.950000,5.550000,4.800000,5.400000,5.400000,168600
2012-08-27,5.550000,6.600000,5.550000,6.000000,6.000000,639400
2012-08-28,6.150000,6.300000,5.100000,5.100000,5.100000,325900
2012-08-29,5.250000,5.550000,4.950000,5.250000,5.250000,193800
2012-08-30,5.250000,5.400000,4.950000,5.250000,5.250000,115900
2012-08-31,5.400000,5.400000,4.950000,5.100000,5.100000,113700
2012-09-04,4.950000,5.100000,4.800000,5.100000,5.100000,94500
2012-09-05,5.100000,5.250000,4.950000,5.100000,5.100000,59600
2012-09-06,5.250000,5.250000,4.950000,5.250000,5.250000,62200
2012-09-07,5.250000,6.300000,5.250000,6.000000,6.000000,807900
2012-09-10,6.150000,6.150000,5.400000,5.550000,5.550000,279700
2012-09-11,5.700000,6.000000,5.400000,5.550000,5.550000,127000
2012-09-12,5.850000,5.850000,5.400000,5.700000,5.700000,129700
2012-09-13,5.700000,6.600000,5.400000,6.300000,6.300000,873900
2012-09-14,7.050000,7.800000,6.750000,7.500000,7.500000,1306000
2012-09-17,7.800000,10.500000,7.500000,10.350000,10.350000,2018500
2012-09-18,10.050000,10.200000,7.950000,8.400000,8.400000,1730400
2012-09-19,8.100000,8.850000,7.200000,8.400000,8.400000,890600
2012-09-20,8.400000,9.150000,7.950000,8.100000,8.100000,579700
2012-09-21,6.150000,6.300000,5.700000,5.700000,5.700000,1993100
2012-09-24,6.000000,6.000000,5.400000,5.850000,5.850000,386800
2012-09-25,6.000000,6.450000,5.700000,6.000000,6.000000,747900
2012-09-26,6.150000,6.450000,5.850000,6.150000,6.150000,375400
2012-09-27,6.150000,6.300000,5.850000,6.000000,6.000000,248200
2012-09-28,5.850000,5.850000,5.700000,5.850000,5.850000,160200
2012-10-01,5.700000,6.300000,5.700000,6.150000,6.150000,408800
2012-10-02,5.700000,6.150000,5.700000,5.850000,5.850000,186100
2012-10-03,6.000000,6.150000,5.550000,5.850000,5.850000,217500
2012-10-04,6.000000,6.000000,5.700000,5.850000,5.850000,175400
2012-10-05,5.700000,5.700000,5.250000,5.550000,5.550000,250200
2012-10-08,5.700000,5.850000,5.400000,5.700000,5.700000,186500
2012-10-09,5.700000,6.450000,5.700000,6.000000,6.000000,698100
2012-10-10,6.300000,6.300000,5.700000,5.850000,5.850000,205900
2012-10-11,6.000000,6.000000,5.700000,5.850000,5.850000,184300
2012-10-12,6.000000,6.150000,5.700000,6.000000,6.000000,222300
2012-10-15,6.000000,6.000000,5.700000,5.850000,5.850000,136900
2012-10-16,5.700000,5.850000,5.550000,5.550000,5.550000,230400
2012-10-17,5.700000,6.000000,5.550000,5.700000,5.700000,201100
2012-10-18,5.700000,6.000000,5.550000,5.850000,5.850000,182000
2012-10-19,5.850000,5.850000,5.550000,5.700000,5.700000,103400
2012-10-22,5.850000,5.850000,5.550000,5.550000,5.550000,100600
2012-10-23,5.550000,5.550000,5.250000,5.400000,5.400000,230100
2012-10-24,5.550000,5.550000,5.250000,5.550000,5.550000,74900
2012-10-25,5.400000,5.550000,5.250000,5.400000,5.400000,95900
2012-10-26,5.550000,5.550000,5.250000,5.250000,5.250000,78100
2012-10-31,5.250000,5.400000,5.250000,5.250000,5.250000,67600
2012-11-01,5.400000,5.550000,5.250000,5.250000,5.250000,102000
2012-11-02,5.550000,5.550000,5.250000,5.400000,5.400000,73700
2012-11-05,5.550000,5.550000,5.250000,5.400000,5.400000,66000
2012-11-06,5.550000,6.300000,5.400000,6.150000,6.150000,469300
2012-11-07,6.150000,6.300000,5.700000,5.700000,5.700000,282700
2012-11-08,5.700000,5.850000,5.400000,5.550000,5.550000,196200
2012-11-09,5.400000,5.550000,5.400000,5.400000,5.400000,152200
2012-11-12,5.400000,5.550000,5.400000,5.400000,5.400000,119400
2012-11-13,5.400000,5.400000,4.500000,4.950000,4.950000,348600
2012-11-14,4.950000,5.100000,4.800000,4.950000,4.950000,116100
2012-11-15,4.800000,4.950000,4.500000,4.650000,4.650000,158300
2012-11-16,4.650000,5.250000,4.650000,4.950000,4.950000,201800
2012-11-19,4.800000,5.100000,4.800000,4.800000,4.800000,85600
2012-11-20,4.950000,4.950000,4.650000,4.650000,4.650000,65900
2012-11-21,4.800000,4.950000,4.650000,4.650000,4.650000,78200
2012-11-23,4.650000,4.650000,4.650000,4.650000,4.650000,31900
2012-11-26,4.650000,4.800000,4.650000,4.650000,4.650000,70100
2012-11-27,4.800000,4.950000,4.650000,4.800000,4.800000,87500
2012-11-28,4.950000,5.250000,4.800000,4.800000,4.800000,108400
2012-11-29,4.950000,4.950000,4.650000,4.800000,4.800000,40000
2012-11-30,4.650000,4.950000,4.650000,4.800000,4.800000,67400
2012-12-03,4.800000,4.950000,4.650000,4.650000,4.650000,52400
2012-12-04,4.800000,4.800000,4.650000,4.650000,4.650000,35300
2012-12-05,4.800000,4.800000,4.650000,4.650000,4.650000,60600
2012-12-06,4.650000,5.400000,4.650000,5.250000,5.250000,295700
2012-12-07,5.250000,5.550000,4.950000,5.100000,5.100000,175700
2012-12-10,5.100000,5.250000,4.800000,4.800000,4.800000,78200
2012-12-11,4.950000,5.400000,4.950000,5.100000,5.100000,111800
2012-12-12,5.400000,5.700000,5.250000,5.250000,5.250000,201900
2012-12-13,5.400000,5.550000,5.250000,5.250000,5.250000,99300
2012-12-14,5.250000,5.400000,5.100000,5.250000,5.250000,81800
2012-12-17,5.100000,5.250000,4.950000,5.100000,5.100000,176500
2012-12-18,4.950000,5.100000,4.950000,4.950000,4.950000,89700
2012-12-19,4.950000,5.250000,4.950000,5.100000,5.100000,88200
2012-12-20,5.100000,5.250000,4.950000,5.100000,5.100000,104900
2012-12-21,5.250000,5.250000,4.950000,5.100000,5.100000,100200
2012-12-24,5.100000,5.100000,4.950000,4.950000,4.950000,44400
2012-12-26,5.250000,5.250000,4.800000,5.100000,5.100000,128100
2012-12-27,5.100000,5.250000,4.950000,4.950000,4.950000,105800
2012-12-28,4.950000,5.100000,4.800000,4.800000,4.800000,115300
2012-12-31,4.800000,4.950000,4.800000,4.800000,4.800000,152700
2013-01-02,4.950000,5.250000,4.950000,5.100000,5.100000,287300
2013-01-03,5.250000,5.850000,5.100000,5.550000,5.550000,697500
2013-01-04,5.550000,5.550000,5.100000,5.250000,5.250000,297500
2013-01-07,5.400000,5.550000,5.250000,5.400000,5.400000,177900
2013-01-08,5.400000,5.400000,5.100000,5.100000,5.100000,111100
2013-01-09,5.250000,5.400000,5.250000,5.400000,5.400000,141400
2013-01-10,5.400000,5.400000,5.250000,5.250000,5.250000,121600
2013-01-11,5.400000,5.400000,5.100000,5.250000,5.250000,297200
2013-01-14,5.250000,5.250000,4.950000,4.950000,4.950000,138500
2013-01-15,4.950000,5.100000,4.950000,4.950000,4.950000,104400
2013-01-16,5.100000,5.100000,4.950000,4.950000,4.950000,77900
2013-01-17,4.950000,5.100000,4.950000,5.100000,5.100000,80900
2013-01-18,5.100000,5.100000,4.950000,5.100000,5.100000,81200
2013-01-22,5.100000,5.100000,4.950000,4.950000,4.950000,53200
2013-01-23,5.100000,5.100000,4.950000,4.950000,4.950000,54000
2013-01-24,5.100000,5.100000,4.950000,4.950000,4.950000,94700
2013-01-25,5.100000,5.100000,4.950000,4.950000,4.950000,78100
2013-01-28,4.950000,4.950000,4.800000,4.950000,4.950000,79400
2013-01-29,4.800000,5.100000,4.800000,4.950000,4.950000,106200
2013-01-30,4.950000,5.100000,4.950000,4.950000,4.950000,71700
2013-01-31,4.950000,5.850000,4.950000,5.400000,5.400000,720800
2013-02-01,5.700000,6.000000,5.550000,5.700000,5.700000,645800
2013-02-04,6.150000,7.050000,5.850000,6.000000,6.000000,1179800
2013-02-05,6.300000,6.450000,5.400000,5.400000,5.400000,509200
2013-02-06,5.700000,5.850000,5.550000,5.700000,5.700000,148300
2013-02-07,5.700000,5.850000,5.400000,5.700000,5.700000,156300
2013-02-08,5.850000,6.450000,5.550000,6.300000,6.300000,462900
2013-02-11,6.450000,6.750000,6.000000,6.300000,6.300000,280600
2013-02-12,6.600000,6.600000,5.850000,6.000000,6.000000,170700
2013-02-13,6.150000,6.150000,5.850000,6.000000,6.000000,215200
2013-02-14,6.000000,6.600000,5.700000,6.300000,6.300000,436800
2013-02-15,6.750000,7.050000,5.850000,6.150000,6.150000,941400
2013-02-19,6.750000,6.750000,6.150000,6.300000,6.300000,421400
2013-02-20,6.150000,6.300000,5.850000,5.850000,5.850000,225500
2013-02-21,5.850000,6.000000,5.700000,5.700000,5.700000,226500
2013-02-22,5.700000,6.000000,5.700000,5.700000,5.700000,145900
2013-02-25,5.700000,6.000000,5.550000,5.550000,5.550000,208500
2013-02-26,5.700000,5.700000,5.250000,5.250000,5.250000,170000
2013-02-27,5.550000,5.550000,5.250000,5.250000,5.250000,138100
2013-02-28,5.400000,5.850000,5.250000,5.700000,5.700000,383600
2013-03-01,5.700000,6.000000,5.400000,5.700000,5.700000,276100
2013-03-04,5.550000,5.700000,5.550000,5.550000,5.550000,80800
2013-03-05,5.400000,5.850000,5.400000,5.550000,5.550000,84500
2013-03-06,5.700000,5.700000,5.400000,5.400000,5.400000,130900
2013-03-07,5.400000,5.850000,5.400000,5.700000,5.700000,143200
2013-03-08,5.700000,6.150000,5.550000,5.850000,5.850000,388600
2013-03-11,6.000000,6.000000,5.700000,5.850000,5.850000,136000
2013-03-12,5.700000,6.300000,5.700000,6.300000,6.300000,407200
2013-03-13,6.300000,6.300000,5.850000,6.150000,6.150000,178800
2013-03-14,6.150000,6.150000,6.000000,6.000000,6.000000,66800
2013-03-15,6.000000,6.300000,5.850000,6.150000,6.150000,181900
2013-03-18,5.850000,6.150000,5.850000,5.850000,5.850000,100400
2013-03-19,6.000000,6.000000,5.700000,5.850000,5.850000,145300
2013-03-20,5.700000,6.000000,5.700000,5.850000,5.850000,145000
2013-03-21,5.850000,5.850000,5.700000,5.700000,5.700000,152300
2013-03-22,5.700000,5.850000,5.400000,5.550000,5.550000,179600
2013-03-25,5.700000,5.850000,5.550000,5.550000,5.550000,72400
2013-03-26,5.550000,5.700000,5.400000,5.400000,5.400000,67700
2013-03-27,5.400000,5.550000,5.100000,5.250000,5.250000,209600
2013-03-28,5.100000,5.100000,4.500000,5.100000,5.100000,255700
2013-04-01,5.100000,5.100000,4.650000,4.650000,4.650000,419800
2013-04-02,4.650000,4.950000,4.650000,4.800000,4.800000,308300
2013-04-03,5.100000,5.100000,4.650000,4.800000,4.800000,105000
2013-04-04,5.100000,5.100000,4.800000,4.950000,4.950000,149400
2013-04-05,4.950000,4.950000,4.800000,4.800000,4.800000,73700
2013-04-08,4.800000,4.800000,4.650000,4.800000,4.800000,101400
2013-04-09,4.800000,4.800000,4.650000,4.800000,4.800000,88200
2013-04-10,4.800000,4.950000,4.650000,4.950000,4.950000,154200
2013-04-11,4.800000,4.950000,4.800000,4.800000,4.800000,63600
2013-04-12,4.800000,4.800000,4.650000,4.650000,4.650000,117000
2013-04-15,4.800000,4.800000,4.200000,4.200000,4.200000,267500
2013-04-16,4.200000,4.500000,4.200000,4.350000,4.350000,123900
2013-04-17,4.650000,4.650000,4.350000,4.350000,4.350000,47700
2013-04-18,4.500000,4.500000,4.350000,4.350000,4.350000,34800
2013-04-19,4.350000,4.500000,4.350000,4.350000,4.350000,55300
2013-04-22,4.350000,4.500000,4.200000,4.200000,4.200000,83900
2013-04-23,4.200000,4.500000,4.050000,4.200000,4.200000,147900
2013-04-24,4.200000,4.350000,4.200000,4.350000,4.350000,47500
2013-04-25,4.200000,4.350000,4.200000,4.200000,4.200000,134800
2013-04-26,4.200000,4.200000,4.200000,4.200000,4.200000,95500
2013-04-29,4.200000,4.350000,4.200000,4.200000,4.200000,120800
2013-04-30,4.350000,4.350000,4.050000,4.050000,4.050000,105400
2013-05-01,4.050000,4.200000,3.600000,3.900000,3.900000,343000
2013-05-02,3.900000,4.350000,3.750000,4.200000,4.200000,233200
2013-05-03,4.350000,4.350000,4.050000,4.200000,4.200000,176300
2013-05-06,4.200000,4.350000,4.200000,4.200000,4.200000,128000
2013-05-07,4.350000,4.650000,4.200000,4.350000,4.350000,138100
2013-05-08,4.500000,4.800000,4.350000,4.650000,4.650000,254900
2013-05-09,4.800000,4.800000,4.200000,4.350000,4.350000,238000
2013-05-10,4.350000,4.500000,4.050000,4.050000,4.050000,187100
2013-05-13,3.900000,4.350000,3.900000,4.200000,4.200000,9400
2013-05-14,3.860000,4.250000,3.800000,3.860000,3.860000,326100
2013-05-15,3.960000,4.280000,3.930000,4.240000,4.240000,353200
2013-05-16,4.160000,4.350000,4.050000,4.210000,4.210000,114700
2013-05-17,4.210000,4.210000,3.900000,4.120000,4.120000,302600
2013-05-20,4.130000,4.590000,3.950000,4.240000,4.240000,404500
2013-05-21,4.270000,5.450000,4.210000,4.990000,4.990000,1913800
2013-05-22,5.360000,5.690000,4.850000,5.040000,5.040000,1387000
2013-05-23,5.000000,5.090000,4.800000,4.950000,4.950000,349600
2013-05-24,4.990000,4.990000,4.440000,4.630000,4.630000,384400
2013-05-28,4.600000,4.840000,4.530000,4.780000,4.780000,361400
2013-05-29,4.800000,4.900000,4.620000,4.650000,4.650000,299600
2013-05-30,4.610000,4.850000,4.530000,4.550000,4.550000,380600
2013-05-31,4.550000,4.550000,4.350000,4.390000,4.390000,308600
2013-06-03,4.390000,4.440000,4.040000,4.340000,4.340000,476300
2013-06-04,4.270000,4.380000,4.020000,4.080000,4.080000,224200
2013-06-05,4.110000,4.110000,3.910000,3.950000,3.950000,213800
2013-06-06,3.950000,4.000000,3.790000,3.810000,3.810000,281200
2013-06-07,3.820000,4.150000,3.740000,4.050000,4.050000,258900
2013-06-10,4.100000,4.200000,4.000000,4.110000,4.110000,181000
2013-06-11,4.070000,4.070000,3.910000,3.960000,3.960000,154400
2013-06-12,3.990000,4.020000,3.870000,3.870000,3.870000,129900
2013-06-13,3.830000,3.840000,3.680000,3.790000,3.790000,248400
2013-06-14,3.750000,3.840000,3.630000,3.660000,3.660000,213400
2013-06-17,3.680000,3.800000,3.630000,3.720000,3.720000,85300
2013-06-18,3.720000,3.900000,3.700000,3.740000,3.740000,223000
2013-06-19,3.700000,3.770000,3.660000,3.670000,3.670000,99000
2013-06-20,3.620000,3.650000,3.420000,3.550000,3.550000,316400
2013-06-21,3.600000,3.860000,3.500000,3.840000,3.840000,296200
2013-06-24,3.700000,3.770000,3.590000,3.620000,3.620000,98300
2013-06-25,3.710000,3.730000,3.620000,3.680000,3.680000,54000
2013-06-26,3.710000,4.040000,3.710000,3.940000,3.940000,326900
2013-06-27,4.030000,4.400000,4.000000,4.150000,4.150000,350700
2013-06-28,4.090000,4.320000,3.910000,3.980000,3.980000,363600
2013-07-01,4.050000,4.050000,3.620000,3.740000,3.740000,665100
2013-07-02,3.720000,3.850000,3.700000,3.810000,3.810000,127200
2013-07-03,3.750000,3.790000,3.650000,3.720000,3.720000,116800
2013-07-05,3.750000,3.880000,3.670000,3.840000,3.840000,166900
2013-07-08,3.850000,3.900000,3.690000,3.780000,3.780000,138400
2013-07-09,3.800000,3.830000,3.690000,3.700000,3.700000,83100
2013-07-10,3.690000,3.790000,3.680000,3.740000,3.740000,73600
2013-07-11,3.750000,3.750000,3.600000,3.620000,3.620000,148500
2013-07-12,3.630000,3.700000,3.610000,3.610000,3.610000,51400
2013-07-15,3.620000,3.750000,3.620000,3.710000,3.710000,91900
2013-07-16,3.700000,3.760000,3.640000,3.760000,3.760000,107600
2013-07-17,3.720000,3.900000,3.690000,3.830000,3.830000,258200
2013-07-18,3.830000,3.830000,3.700000,3.730000,3.730000,134300
2013-07-19,3.810000,3.910000,3.690000,3.810000,3.810000,164700
2013-07-22,3.850000,4.130000,3.790000,4.030000,4.030000,715700
2013-07-23,4.100000,4.400000,4.070000,4.130000,4.130000,890800
2013-07-24,4.150000,4.980000,4.050000,4.450000,4.450000,2898000
2013-07-25,4.650000,4.830000,3.950000,4.000000,4.000000,2390600
2013-07-26,4.030000,4.330000,3.950000,4.140000,4.140000,863400
2013-07-29,4.250000,4.680000,4.140000,4.620000,4.620000,1980500
2013-07-30,4.670000,4.750000,4.270000,4.290000,4.290000,1088400
2013-07-31,4.350000,4.450000,4.220000,4.250000,4.250000,649100
2013-08-01,4.210000,4.370000,4.120000,4.120000,4.120000,412800
2013-08-02,4.150000,4.160000,3.810000,3.990000,3.990000,677800
2013-08-05,4.000000,4.210000,3.860000,4.170000,4.170000,438600
2013-08-06,4.150000,4.240000,3.960000,3.980000,3.980000,856500
2013-08-07,3.980000,4.000000,3.740000,3.740000,3.740000,724600
2013-08-08,3.830000,3.860000,3.720000,3.780000,3.780000,272700
2013-08-09,3.780000,3.850000,3.700000,3.820000,3.820000,386500
2013-08-12,3.890000,4.060000,3.830000,3.870000,3.870000,407800
2013-08-13,3.890000,3.920000,3.750000,3.770000,3.770000,249400
2013-08-14,3.870000,3.870000,3.710000,3.730000,3.730000,192200
2013-08-15,3.730000,3.850000,3.700000,3.710000,3.710000,167600
2013-08-16,3.760000,3.760000,3.660000,3.680000,3.680000,222700
2013-08-19,3.680000,3.730000,3.600000,3.620000,3.620000,226300
2013-08-20,3.690000,3.850000,3.650000,3.660000,3.660000,149300
2013-08-21,3.660000,3.750000,3.450000,3.530000,3.530000,466700
2013-08-22,3.580000,3.700000,3.550000,3.680000,3.680000,141200
2013-08-23,3.720000,3.750000,3.680000,3.740000,3.740000,185800
2013-08-26,3.730000,3.850000,3.680000,3.820000,3.820000,308600
2013-08-27,3.750000,3.840000,3.720000,3.730000,3.730000,192000
2013-08-28,3.730000,3.980000,3.730000,3.860000,3.860000,622500
2013-08-29,3.860000,3.920000,3.770000,3.830000,3.830000,181700
2013-08-30,3.880000,3.890000,3.700000,3.730000,3.730000,185300
2013-09-03,3.780000,3.780000,3.600000,3.650000,3.650000,204600
2013-09-04,3.630000,3.750000,3.610000,3.660000,3.660000,123600
2013-09-05,3.660000,3.820000,3.650000,3.660000,3.660000,254800
2013-09-06,3.660000,3.750000,3.650000,3.700000,3.700000,110600
2013-09-09,3.700000,3.800000,3.650000,3.750000,3.750000,239600
2013-09-10,3.770000,3.840000,3.710000,3.720000,3.720000,192200
2013-09-11,3.730000,3.750000,3.680000,3.690000,3.690000,154400
2013-09-12,3.690000,3.860000,3.630000,3.770000,3.770000,369300
2013-09-13,3.760000,3.760000,3.650000,3.680000,3.680000,201900
2013-09-16,3.700000,3.760000,3.630000,3.660000,3.660000,202800
2013-09-17,3.630000,3.780000,3.620000,3.700000,3.700000,368400
2013-09-18,3.710000,3.750000,3.640000,3.670000,3.670000,220100
2013-09-19,3.670000,3.690000,3.620000,3.620000,3.620000,194200
2013-09-20,3.620000,3.690000,3.550000,3.660000,3.660000,605700
2013-09-23,3.650000,3.650000,3.550000,3.570000,3.570000,163000
2013-09-24,3.570000,3.650000,3.470000,3.510000,3.510000,162700
2013-09-25,3.530000,3.600000,3.470000,3.560000,3.560000,230600
2013-09-26,3.550000,3.630000,3.520000,3.630000,3.630000,177200
2013-09-27,3.610000,3.670000,3.530000,3.540000,3.540000,271500
2013-09-30,3.540000,3.580000,3.490000,3.510000,3.510000,267900
2013-10-01,3.500000,3.570000,3.500000,3.560000,3.560000,115600
2013-10-02,3.600000,4.050000,3.600000,4.000000,4.000000,1894200
2013-10-03,4.100000,4.200000,3.900000,3.990000,3.990000,1061800
2013-10-04,4.010000,4.080000,3.860000,3.970000,3.970000,455000
2013-10-07,3.980000,3.990000,3.780000,3.850000,3.850000,322100
2013-10-08,3.950000,3.950000,3.710000,3.760000,3.760000,341000
2013-10-09,3.740000,3.900000,3.730000,3.780000,3.780000,303500
2013-10-10,3.810000,3.830000,3.460000,3.620000,3.620000,1433800
2013-10-11,3.620000,3.690000,3.550000,3.590000,3.590000,374800
2013-10-14,3.590000,3.680000,3.520000,3.620000,3.620000,215600
2013-10-15,3.620000,3.680000,3.520000,3.560000,3.560000,166900
2013-10-16,3.570000,3.600000,3.530000,3.570000,3.570000,218200
2013-10-17,3.600000,3.670000,3.590000,3.630000,3.630000,163300
2013-10-18,3.610000,3.650000,3.530000,3.560000,3.560000,174800
2013-10-21,3.520000,3.590000,3.520000,3.560000,3.560000,206600
2013-10-22,3.600000,3.620000,3.500000,3.600000,3.600000,196500
2013-10-23,3.590000,3.600000,3.500000,3.520000,3.520000,116700
2013-10-24,3.520000,3.600000,3.500000,3.560000,3.560000,176100
2013-10-25,3.560000,3.570000,3.450000,3.500000,3.500000,341400
2013-10-28,3.510000,3.530000,3.430000,3.430000,3.430000,137600
2013-10-29,3.450000,3.580000,3.400000,3.520000,3.520000,228100
2013-10-30,3.540000,3.630000,3.520000,3.630000,3.630000,298700
2013-10-31,3.620000,3.830000,3.600000,3.660000,3.660000,576800
2013-11-01,3.660000,3.680000,3.600000,3.610000,3.610000,133600
2013-11-04,3.620000,3.740000,3.620000,3.700000,3.700000,171900
2013-11-05,3.720000,3.780000,3.600000,3.690000,3.690000,172700
2013-11-06,3.820000,3.850000,3.750000,3.840000,3.840000,579200
2013-11-07,3.420000,3.600000,3.160000,3.590000,3.590000,1187800
2013-11-08,3.490000,3.560000,3.310000,3.330000,3.330000,354700
2013-11-11,3.300000,3.340000,3.230000,3.250000,3.250000,260200
2013-11-12,3.280000,3.280000,2.800000,2.800000,2.800000,1035200
2013-11-13,2.820000,2.880000,2.630000,2.720000,2.720000,769000
2013-11-14,2.700000,2.760000,2.330000,2.430000,2.430000,1092100
2013-11-15,2.420000,3.000000,2.340000,2.780000,2.780000,1514900
2013-11-18,2.780000,2.910000,2.570000,2.620000,2.620000,704700
2013-11-19,2.570000,2.700000,2.520000,2.530000,2.530000,297500
2013-11-20,2.560000,2.750000,2.560000,2.710000,2.710000,416100
2013-11-21,2.760000,2.850000,2.660000,2.830000,2.830000,322400
2013-11-22,3.100000,3.350000,3.040000,3.300000,3.300000,1631200
2013-11-25,3.420000,3.550000,3.260000,3.360000,3.360000,782100
2013-11-26,3.450000,3.450000,3.250000,3.310000,3.310000,264300
2013-11-27,3.300000,3.800000,3.300000,3.760000,3.760000,816700
2013-11-29,3.750000,3.830000,3.710000,3.760000,3.760000,122300
2013-12-02,3.800000,3.900000,3.650000,3.850000,3.850000,435200
2013-12-03,3.840000,3.840000,3.650000,3.760000,3.760000,293900
2013-12-04,3.830000,4.420000,3.800000,4.290000,4.290000,1820100
2013-12-05,4.190000,4.660000,4.150000,4.520000,4.520000,1086400
2013-12-06,4.520000,4.690000,4.320000,4.530000,4.530000,454400
2013-12-09,4.550000,4.580000,4.170000,4.280000,4.280000,572600
2013-12-10,4.280000,4.460000,4.150000,4.170000,4.170000,298800
2013-12-11,4.170000,4.240000,3.740000,3.770000,3.770000,1054900
2013-12-12,3.830000,3.900000,3.770000,3.810000,3.810000,210800
2013-12-13,3.850000,4.250000,3.810000,4.000000,4.000000,674300
2013-12-16,3.960000,4.200000,3.900000,3.920000,3.920000,348900
2013-12-17,3.930000,4.050000,3.870000,3.920000,3.920000,219800
2013-12-18,3.940000,4.090000,3.840000,3.890000,3.890000,144300
2013-12-19,3.850000,4.000000,3.790000,3.890000,3.890000,238600
2013-12-20,3.840000,3.970000,3.790000,3.950000,3.950000,279300
2013-12-23,4.000000,4.660000,3.950000,4.390000,4.390000,868200
2013-12-24,4.360000,4.800000,4.330000,4.670000,4.670000,549000
2013-12-26,4.700000,4.940000,4.690000,4.800000,4.800000,643500
2013-12-27,4.790000,5.460000,4.420000,5.330000,5.330000,1565600
2013-12-30,5.450000,5.520000,5.050000,5.150000,5.150000,670200
2013-12-31,5.070000,5.360000,5.040000,5.090000,5.090000,580600
2014-01-02,5.100000,5.260000,4.830000,5.230000,5.230000,642400
2014-01-03,5.230000,5.340000,5.050000,5.080000,5.080000,302600
2014-01-06,5.060000,5.270000,5.000000,5.110000,5.110000,286800
2014-01-07,5.130000,5.560000,5.110000,5.560000,5.560000,757300
2014-01-08,5.600000,5.630000,5.320000,5.500000,5.500000,742600
2014-01-09,5.470000,5.890000,5.330000,5.810000,5.810000,1130800
2014-01-10,5.840000,6.160000,5.650000,5.930000,5.930000,1013300
2014-01-13,6.090000,6.430000,5.750000,5.820000,5.820000,1289600
2014-01-14,5.850000,6.380000,5.820000,6.380000,6.380000,591500
2014-01-15,6.420000,6.880000,6.180000,6.840000,6.840000,1089300
2014-01-16,7.040000,7.630000,6.910000,7.450000,7.450000,2094600
2014-01-17,7.510000,7.520000,6.930000,7.280000,7.280000,1120600
2014-01-21,7.400000,7.890000,7.340000,7.740000,7.740000,979700
2014-01-22,7.890000,8.340000,7.740000,8.070000,8.070000,1156500
2014-01-23,8.050000,8.370000,7.810000,8.190000,8.190000,945000
2014-01-24,8.110000,8.140000,6.600000,7.220000,7.220000,2280800
2014-01-27,7.160000,7.250000,6.230000,6.600000,6.600000,1301000
2014-01-28,6.500000,6.800000,6.500000,6.640000,6.640000,585800
2014-01-29,6.630000,6.960000,6.160000,6.910000,6.910000,740500
2014-01-30,7.110000,7.300000,6.990000,6.990000,6.990000,611300
2014-01-31,6.960000,7.180000,6.810000,7.040000,7.040000,354100
2014-02-03,6.990000,7.160000,6.610000,6.650000,6.650000,457100
2014-02-04,6.660000,6.990000,6.380000,6.750000,6.750000,544800
2014-02-05,6.690000,6.760000,6.300000,6.650000,6.650000,400300
2014-02-06,6.670000,7.410000,6.670000,7.160000,7.160000,666100
2014-02-07,7.220000,7.540000,7.170000,7.400000,7.400000,698900
2014-02-10,7.400000,7.860000,7.330000,7.540000,7.540000,763900
2014-02-11,7.650000,7.780000,7.310000,7.410000,7.410000,411100
2014-02-12,7.420000,7.580000,7.300000,7.460000,7.460000,320700
2014-02-13,7.450000,7.800000,7.340000,7.700000,7.700000,434900
2014-02-14,7.620000,7.900000,7.580000,7.770000,7.770000,286400
2014-02-18,7.760000,8.100000,7.650000,8.090000,8.090000,494800
2014-02-19,8.070000,8.450000,7.800000,7.980000,7.980000,571100
2014-02-20,7.950000,8.640000,7.950000,8.590000,8.590000,834000
2014-02-21,8.750000,9.120000,8.750000,9.050000,9.050000,822000
2014-02-24,9.330000,9.740000,9.270000,9.720000,9.720000,1171700
2014-02-25,9.670000,9.880000,9.030000,9.700000,9.700000,1016000
2014-02-26,9.660000,9.830000,8.830000,9.030000,9.030000,1095900
2014-02-27,11.460000,15.020000,11.100000,14.940000,14.940000,10946200
2014-02-28,14.640000,15.190000,13.340000,13.670000,13.670000,3723900
2014-03-03,13.300000,16.299999,13.040000,15.020000,15.020000,3855900
2014-03-04,15.530000,16.070000,14.640000,15.330000,15.330000,2377900
2014-03-05,15.330000,16.200001,15.050000,15.760000,15.760000,2043600
2014-03-06,15.930000,16.000000,15.350000,15.430000,15.430000,1025000
2014-03-07,15.230000,15.600000,14.240000,14.610000,14.610000,1609400
2014-03-10,14.610000,15.320000,14.520000,14.640000,14.640000,818700
2014-03-11,14.620000,14.840000,12.550000,13.360000,13.360000,1792700
2014-03-12,12.990000,14.050000,12.800000,12.960000,12.960000,1030800
2014-03-13,12.900000,13.500000,12.850000,13.280000,13.280000,825200
2014-03-14,13.360000,14.010000,13.300000,13.810000,13.810000,776700
2014-03-17,13.920000,14.600000,13.810000,14.350000,14.350000,906400
2014-03-18,14.510000,15.180000,14.400000,14.940000,14.940000,1209100
2014-03-19,15.000000,15.490000,14.410000,14.970000,14.970000,875300
2014-03-20,15.000000,16.100000,14.780000,15.870000,15.870000,1374000
2014-03-21,16.010000,17.930000,15.730000,17.559999,17.559999,4299300
2014-03-24,17.860001,18.200001,16.160000,17.110001,17.110001,3331900
2014-03-25,17.049999,17.360001,15.290000,15.840000,15.840000,2631700
2014-03-26,16.340000,16.379999,14.020000,14.310000,14.310000,2586900
2014-03-27,14.190000,14.740000,13.710000,14.290000,14.290000,1663500
2014-03-28,14.190000,15.940000,14.190000,15.810000,15.810000,1926200
2014-03-31,15.950000,16.610001,15.220000,15.580000,15.580000,2886800
2014-04-01,15.840000,17.980000,15.110000,17.900000,17.900000,3969800
2014-04-02,18.000000,18.650000,16.840000,17.250000,17.250000,3526600
2014-04-03,16.809999,17.860001,15.340000,15.760000,15.760000,5293600
2014-04-04,15.700000,16.250000,14.600000,14.910000,14.910000,2817200
2014-04-07,14.860000,15.180000,13.780000,14.150000,14.150000,3058000
2014-04-08,14.050000,14.800000,13.620000,14.680000,14.680000,2088600
2014-04-09,14.530000,15.510000,14.350000,15.470000,15.470000,1778100
2014-04-10,15.200000,15.390000,14.350000,14.680000,14.680000,1844100
2014-04-11,14.310000,15.270000,13.830000,14.150000,14.150000,2270600
2014-04-14,14.350000,15.000000,13.860000,14.530000,14.530000,1421100
2014-04-15,14.360000,14.850000,13.550000,14.330000,14.330000,2774300
2014-04-16,14.310000,14.850000,14.070000,14.720000,14.720000,1525300
2014-04-17,14.690000,15.240000,14.420000,14.730000,14.730000,1859800
2014-04-21,14.240000,15.020000,14.030000,14.900000,14.900000,1298700
2014-04-22,15.080000,16.290001,14.690000,15.650000,15.650000,2584500
2014-04-23,15.600000,16.270000,15.410000,15.630000,15.630000,1201200
2014-04-24,15.960000,16.100000,15.350000,15.640000,15.640000,990300
2014-04-25,15.580000,15.580000,14.510000,14.630000,14.630000,1874400
2014-04-28,14.860000,14.890000,13.560000,13.890000,13.890000,1806200
2014-04-29,14.020000,14.960000,13.630000,14.720000,14.720000,1748400
2014-04-30,15.210000,16.129999,15.070000,15.600000,15.600000,3670900
2014-05-01,15.000000,15.540000,13.350000,13.680000,13.680000,3939800
2014-05-02,13.920000,14.280000,13.690000,13.740000,13.740000,1009400
2014-05-05,13.540000,13.670000,12.270000,12.560000,12.560000,2397100
2014-05-06,12.430000,12.890000,11.220000,11.320000,11.320000,2448300
2014-05-07,11.120000,11.530000,10.730000,10.880000,10.880000,2101800
2014-05-08,10.810000,11.550000,10.560000,10.980000,10.980000,1613200
2014-05-09,10.670000,11.010000,10.430000,10.660000,10.660000,874800
2014-05-12,10.870000,11.600000,10.720000,11.430000,11.430000,1028700
2014-05-13,11.490000,11.820000,11.160000,11.590000,11.590000,1363500
2014-05-14,11.410000,11.490000,10.840000,10.990000,10.990000,1274000
2014-05-15,10.820000,11.170000,10.450000,11.070000,11.070000,934100
2014-05-16,11.010000,11.650000,10.790000,11.650000,11.650000,1025000
2014-05-19,11.420000,12.610000,11.310000,12.320000,12.320000,1606300
2014-05-20,12.380000,12.380000,11.560000,11.800000,11.800000,994700
2014-05-21,11.880000,12.480000,11.700000,12.160000,12.160000,848500
2014-05-22,12.270000,12.410000,11.740000,12.000000,12.000000,712600
2014-05-23,12.060000,12.560000,12.020000,12.520000,12.520000,949800
2014-05-27,12.980000,13.340000,12.680000,13.220000,13.220000,1089400
2014-05-28,13.410000,13.590000,12.840000,13.410000,13.410000,772400
2014-05-29,13.510000,13.950000,13.500000,13.640000,13.640000,720500
2014-05-30,13.630000,13.740000,12.810000,13.030000,13.030000,962600
2014-06-02,13.070000,13.470000,12.650000,13.360000,13.360000,908100
2014-06-03,13.360000,13.450000,13.030000,13.390000,13.390000,593700
2014-06-04,13.250000,13.590000,12.930000,13.400000,13.400000,808400
2014-06-05,13.400000,13.740000,13.120000,13.500000,13.500000,571100
2014-06-06,13.690000,13.990000,13.510000,13.840000,13.840000,502100
2014-06-09,13.840000,14.390000,13.750000,14.140000,14.140000,971000
2014-06-10,14.250000,14.340000,13.780000,13.820000,13.820000,811000
2014-06-11,13.650000,14.110000,13.380000,13.840000,13.840000,707000
2014-06-12,13.780000,14.050000,13.500000,13.840000,13.840000,615600
2014-06-13,13.850000,14.020000,13.620000,13.950000,13.950000,422000
2014-06-16,13.930000,14.300000,13.720000,14.260000,14.260000,762300
2014-06-17,14.250000,14.920000,14.050000,14.730000,14.730000,1192600
2014-06-18,14.670000,15.230000,14.540000,15.210000,15.210000,1286900
2014-06-19,15.230000,15.380000,14.580000,14.590000,14.590000,812200
2014-06-20,14.620000,15.000000,14.200000,14.960000,14.960000,933600
2014-06-23,15.000000,15.250000,14.730000,15.160000,15.160000,690200
2014-06-24,15.110000,15.410000,14.510000,14.700000,14.700000,746200
2014-06-25,14.590000,14.890000,14.240000,14.550000,14.550000,658300
2014-06-26,14.510000,14.780000,14.370000,14.690000,14.690000,335900
2014-06-27,14.680000,15.030000,14.670000,14.750000,14.750000,3102300
2014-06-30,14.770000,15.370000,14.570000,15.290000,15.290000,929300
2014-07-01,15.340000,15.620000,15.080000,15.240000,15.240000,728000
2014-07-02,15.210000,15.620000,15.140000,15.560000,15.560000,604400
2014-07-03,15.670000,16.080000,15.540000,15.550000,15.550000,512700
2014-07-07,15.520000,15.970000,15.350000,15.790000,15.790000,784700
2014-07-08,15.760000,15.930000,15.110000,15.650000,15.650000,943400
2014-07-09,15.720000,15.990000,15.480000,15.720000,15.720000,546600
2014-07-10,15.150000,15.750000,14.410000,15.510000,15.510000,806200
2014-07-11,15.490000,15.790000,15.210000,15.680000,15.680000,498000
2014-07-14,15.970000,17.350000,15.850000,16.980000,16.980000,2558200
2014-07-15,17.059999,17.850000,16.790001,17.129999,17.129999,1750600
2014-07-16,17.389999,17.639999,17.160000,17.590000,17.590000,849900
2014-07-17,17.370001,18.200001,17.370001,17.600000,17.600000,1305600
2014-07-18,17.360001,18.080000,17.360001,17.790001,17.790001,708000
2014-07-21,17.790001,18.730000,17.650000,18.129999,18.129999,1636800
2014-07-22,18.299999,18.860001,18.190001,18.500000,18.500000,1287800
2014-07-23,18.530001,19.010000,18.230000,18.559999,18.559999,882300
2014-07-24,18.500000,18.879999,18.309999,18.400000,18.400000,534200
2014-07-25,18.270000,18.370001,17.950001,18.030001,18.030001,813000
2014-07-28,18.100000,18.160000,17.360001,17.959999,17.959999,992100
2014-07-29,18.000000,18.549999,17.870001,18.520000,18.520000,938100
2014-07-30,18.110001,19.100000,18.100000,18.809999,18.809999,1579100
2014-07-31,17.820000,18.230000,17.170000,17.840000,17.840000,1600100
2014-08-01,17.790001,19.299999,17.590000,19.139999,19.139999,1593000
2014-08-04,19.340000,19.830000,19.150000,19.580000,19.580000,1582600
2014-08-05,19.580000,19.879999,18.990000,19.100000,19.100000,988500
2014-08-06,18.940001,19.590000,18.780001,18.850000,18.850000,986000
2014-08-07,19.250000,19.450001,18.650000,18.850000,18.850000,812500
2014-08-08,18.830000,19.120001,18.600000,18.809999,18.809999,465600
2014-08-11,19.049999,19.780001,19.000000,19.410000,19.410000,1332200
2014-08-12,19.549999,19.740000,19.120001,19.379999,19.379999,735300
2014-08-13,19.420000,20.150000,19.400000,20.080000,20.080000,1361800
2014-08-14,20.160000,20.900000,20.100000,20.809999,20.809999,1502300
2014-08-15,21.000000,21.230000,20.219999,20.379999,20.379999,1637900
2014-08-18,20.860001,21.420000,20.580000,21.299999,21.299999,1164000
2014-08-19,21.430000,22.020000,21.400000,21.590000,21.590000,1029300
2014-08-20,21.610001,21.700001,21.059999,21.430000,21.430000,689400
2014-08-21,21.450001,21.600000,20.299999,21.190001,21.190001,1053900
2014-08-22,21.139999,21.580000,20.350000,21.160000,21.160000,1059800
2014-08-25,21.170000,21.500000,20.799999,21.150000,21.150000,858800
2014-08-26,21.080000,21.600000,21.040001,21.410000,21.410000,733500
2014-08-27,21.680000,22.740000,21.629999,22.469999,22.469999,2427300
2014-08-28,22.420000,23.110001,22.010000,22.469999,22.469999,1285400
2014-08-29,22.700001,23.150000,22.240000,23.110001,23.110001,1387100
2014-09-02,23.760000,23.969999,23.250000,23.520000,23.520000,1992100
2014-09-03,23.840000,23.889999,22.559999,23.150000,23.150000,1409600
2014-09-04,23.200001,23.480000,22.690001,22.799999,22.799999,820300
2014-09-05,22.799999,23.000000,22.250000,22.830000,22.830000,908600
2014-09-08,22.870001,23.379999,22.549999,23.100000,23.100000,1122100
2014-09-09,23.100000,23.379999,22.709999,22.860001,22.860001,766900
2014-09-10,22.740000,23.230000,22.520000,23.010000,23.010000,1120700
2014-09-11,22.879999,22.980000,19.650000,21.309999,21.309999,4770500
2014-09-12,21.530001,21.750000,20.000000,20.010000,20.010000,1838000
2014-09-15,19.700001,20.000000,18.280001,18.360001,18.360001,2612600
2014-09-16,18.350000,19.450001,18.150000,18.719999,18.719999,1945500
2014-09-17,18.500000,19.059999,16.750000,16.830000,16.830000,3080700
2014-09-18,16.889999,17.350000,16.400000,16.610001,16.610001,1991200
2014-09-19,16.690001,16.790001,15.640000,15.970000,15.970000,3652600
2014-09-22,15.970000,16.879999,15.580000,15.650000,15.650000,1945400
2014-09-23,15.620000,16.190001,15.330000,15.630000,15.630000,1384300
2014-09-24,15.560000,16.000000,15.030000,15.680000,15.680000,1418800
2014-09-25,15.500000,15.810000,14.950000,15.050000,15.050000,1129000
2014-09-26,15.210000,15.830000,15.200000,15.660000,15.660000,1099900
2014-09-29,15.160000,15.500000,14.680000,14.910000,14.910000,1397700
2014-09-30,14.640000,15.080000,13.750000,13.960000,13.960000,2107100
2014-10-01,13.990000,14.320000,13.390000,13.470000,13.470000,1935000
2014-10-02,13.370000,13.730000,12.120000,12.620000,12.620000,3204700
2014-10-03,12.850000,13.450000,12.430000,13.250000,13.250000,1774700
2014-10-06,13.350000,13.500000,11.830000,11.890000,11.890000,1983200
2014-10-07,11.740000,12.070000,11.330000,11.440000,11.440000,1805500
2014-10-08,11.420000,12.320000,10.850000,12.230000,12.230000,2454000
2014-10-09,12.230000,12.230000,11.500000,11.650000,11.650000,2282100
2014-10-10,11.650000,11.960000,10.730000,10.870000,10.870000,1681900
2014-10-13,10.880000,11.250000,10.170000,10.260000,10.260000,2094100
2014-10-14,10.580000,10.710000,9.690000,9.860000,9.860000,1986500
2014-10-15,9.630000,10.700000,9.100000,10.480000,10.480000,2740100
2014-10-16,10.150000,11.880000,10.000000,11.620000,11.620000,2706700
2014-10-17,11.850000,12.970000,11.090000,11.110000,11.110000,2852700
2014-10-20,11.110000,12.110000,11.050000,11.550000,11.550000,1398600
2014-10-21,11.710000,12.100000,11.370000,11.550000,11.550000,1455000
2014-10-22,11.590000,12.980000,11.420000,12.330000,12.330000,2514900
2014-10-23,12.650000,13.250000,12.130000,12.260000,12.260000,1766100
2014-10-24,12.190000,12.350000,11.450000,11.730000,11.730000,1604400
2014-10-27,11.540000,11.640000,10.760000,11.260000,11.260000,1284400
2014-10-28,11.400000,12.200000,11.300000,12.160000,12.160000,1386100
2014-10-29,12.480000,13.210000,12.140000,12.780000,12.780000,3053100
2014-10-30,12.150000,12.990000,10.410000,12.710000,12.710000,4482500
2014-10-31,13.000000,14.240000,12.360000,14.110000,14.110000,2345400
2014-11-03,14.200000,14.770000,13.460000,13.810000,13.810000,2133900
2014-11-04,13.610000,14.150000,12.920000,13.140000,13.140000,1693700
2014-11-05,13.300000,14.340000,13.290000,13.950000,13.950000,1369400
2014-11-06,13.760000,14.590000,13.700000,14.440000,14.440000,1437700
2014-11-07,14.410000,14.980000,14.250000,14.840000,14.840000,1621500
2014-11-10,14.910000,15.190000,14.060000,14.170000,14.170000,1275200
2014-11-11,14.170000,14.330000,13.770000,14.220000,14.220000,1166400
2014-11-12,14.090000,14.490000,13.840000,14.230000,14.230000,857200
2014-11-13,14.240000,14.360000,13.150000,13.510000,13.510000,1488100
2014-11-14,13.530000,13.960000,13.290000,13.650000,13.650000,1404100
2014-11-17,13.650000,14.840000,13.310000,14.620000,14.620000,1855900
2014-11-18,14.620000,15.570000,14.620000,15.130000,15.130000,1806100
2014-11-19,15.160000,15.430000,14.400000,14.580000,14.580000,1287300
2014-11-20,14.380000,14.730000,13.800000,14.180000,14.180000,1726300
2014-11-21,14.450000,14.850000,13.540000,13.920000,13.920000,2297500
2014-11-24,13.850000,14.270000,13.620000,14.110000,14.110000,819800
2014-11-25,14.130000,14.510000,13.750000,13.900000,13.900000,985200
2014-11-26,13.850000,14.040000,13.330000,13.370000,13.370000,939500
2014-11-28,13.040000,13.160000,11.300000,11.630000,11.630000,1970100
2014-12-01,11.630000,11.950000,11.320000,11.920000,11.920000,2060200
2014-12-02,11.890000,12.490000,11.830000,11.990000,11.990000,1326800
2014-12-03,12.020000,12.990000,11.790000,12.750000,12.750000,1687900
2014-12-04,12.770000,12.930000,12.210000,12.370000,12.370000,1067600
2014-12-05,12.390000,12.620000,12.100000,12.330000,12.330000,936900
2014-12-08,12.230000,12.440000,10.790000,11.050000,11.050000,1798700
2014-12-09,10.870000,11.700000,10.550000,11.620000,11.620000,1421600
2014-12-10,11.500000,11.500000,10.500000,10.590000,10.590000,1761700
2014-12-11,10.590000,11.130000,10.500000,10.640000,10.640000,1478100
2014-12-12,10.500000,10.690000,10.040000,10.170000,10.170000,1323900
2014-12-15,10.310000,10.610000,9.280000,9.410000,9.410000,1725800
2014-12-16,9.290000,10.320000,9.120000,9.690000,9.690000,2317900
2014-12-17,9.620000,10.980000,9.620000,10.660000,10.660000,1416800
2014-12-18,10.980000,11.200000,10.070000,10.360000,10.360000,1267200
2014-12-19,10.550000,11.090000,10.450000,10.880000,10.880000,2254900
2014-12-22,10.920000,11.270000,10.680000,10.910000,10.910000,776000
2014-12-23,10.970000,11.170000,10.660000,10.780000,10.780000,535200
2014-12-24,10.780000,11.240000,10.760000,11.150000,11.150000,351300
2014-12-26,11.090000,11.420000,11.040000,11.130000,11.130000,354800
2014-12-29,11.120000,11.750000,10.990000,11.230000,11.230000,667100
2014-12-30,11.140000,11.400000,10.690000,10.710000,10.710000,619900
2014-12-31,11.250000,11.340000,10.100000,10.330000,10.330000,1847800
2015-01-02,10.370000,10.990000,10.330000,10.940000,10.940000,959600
2015-01-05,11.390000,11.390000,9.990000,10.100000,10.100000,1493700
2015-01-06,10.120000,10.160000,8.600000,8.720000,8.720000,2395300
2015-01-07,8.870000,9.260000,8.860000,9.100000,9.100000,1328600
2015-01-08,9.180000,9.250000,8.830000,9.000000,9.000000,1453000
2015-01-09,9.010000,9.620000,8.980000,9.470000,9.470000,1065100
2015-01-12,9.410000,9.550000,8.030000,8.430000,8.430000,2336600
2015-01-13,8.450000,9.000000,8.220000,8.610000,8.610000,1109100
2015-01-14,8.600000,8.710000,7.580000,7.890000,7.890000,1852800
2015-01-15,7.990000,8.180000,7.530000,7.580000,7.580000,1113800
2015-01-16,7.600000,8.190000,7.510000,8.120000,8.120000,1522200
2015-01-20,8.100000,8.290000,7.780000,8.250000,8.250000,1494700
2015-01-21,8.290000,8.610000,8.010000,8.150000,8.150000,994700
2015-01-22,8.170000,8.990000,8.060000,8.900000,8.900000,1847600
2015-01-23,8.850000,9.190000,8.640000,8.980000,8.980000,944000
2015-01-26,8.950000,9.380000,8.670000,9.340000,9.340000,947800
2015-01-27,9.120000,9.380000,8.900000,9.260000,9.260000,621500
2015-01-28,9.290000,9.360000,8.940000,8.970000,8.970000,829800
2015-01-29,8.950000,9.110000,8.320000,8.650000,8.650000,1002900
2015-01-30,8.570000,8.870000,8.390000,8.590000,8.590000,799600
2015-02-02,8.680000,9.200000,8.560000,9.090000,9.090000,1088500
2015-02-03,9.180000,9.650000,9.160000,9.490000,9.490000,1251100
2015-02-04,9.360000,9.550000,8.780000,8.970000,8.970000,1295300
2015-02-05,9.080000,9.920000,9.080000,9.740000,9.740000,1379000
2015-02-06,9.810000,10.220000,9.650000,9.810000,9.810000,865200
2015-02-09,9.860000,10.240000,9.800000,9.830000,9.830000,683400
2015-02-10,9.900000,10.000000,9.180000,9.420000,9.420000,1156500
2015-02-11,9.300000,9.790000,9.070000,9.430000,9.430000,815700
2015-02-12,9.590000,9.890000,9.460000,9.670000,9.670000,611600
2015-02-13,9.860000,9.910000,9.590000,9.820000,9.820000,542100
2015-02-17,9.950000,9.950000,9.470000,9.790000,9.790000,735900
2015-02-18,9.690000,9.840000,9.350000,9.440000,9.440000,816700
2015-02-19,9.250000,10.240000,9.210000,9.990000,9.990000,1117800
2015-02-20,9.920000,10.110000,9.600000,9.730000,9.730000,686200
2015-02-23,9.910000,9.910000,9.200000,9.290000,9.290000,920300
2015-02-24,9.390000,9.390000,8.950000,9.140000,9.140000,900600
2015-02-25,9.080000,9.230000,8.690000,8.770000,8.770000,1151700
2015-02-26,8.840000,9.040000,8.670000,8.940000,8.940000,825600
2015-02-27,8.990000,9.330000,8.880000,9.180000,9.180000,631300
2015-03-02,9.180000,9.400000,9.090000,9.400000,9.400000,729800
2015-03-03,9.310000,9.530000,8.920000,9.160000,9.160000,855700
2015-03-04,9.120000,9.410000,9.010000,9.330000,9.330000,1414300
2015-03-05,10.450000,12.160000,10.330000,11.750000,11.750000,9990200
2015-03-06,11.800000,12.050000,10.900000,11.330000,11.330000,3162700
2015-03-09,11.430000,11.660000,10.950000,11.250000,11.250000,1391300
2015-03-10,10.980000,11.000000,10.330000,10.400000,10.400000,1340800
2015-03-11,10.400000,10.910000,10.260000,10.700000,10.700000,917400
2015-03-12,10.760000,10.840000,10.020000,10.050000,10.050000,999100
2015-03-13,10.000000,10.300000,9.720000,10.290000,10.290000,1045800
2015-03-16,10.280000,10.570000,9.920000,10.450000,10.450000,1400000
2015-03-17,10.440000,10.650000,10.130000,10.200000,10.200000,698400
2015-03-18,10.090000,10.750000,10.070000,10.560000,10.560000,691000
2015-03-19,10.400000,10.790000,10.300000,10.500000,10.500000,479200
2015-03-20,10.520000,11.070000,10.470000,10.770000,10.770000,960600
2015-03-23,10.740000,11.080000,10.730000,10.840000,10.840000,675900
2015-03-24,10.860000,10.980000,10.550000,10.780000,10.780000,415800
2015-03-25,10.810000,10.960000,10.600000,10.610000,10.610000,459600
2015-03-26,10.700000,11.120000,10.410000,10.560000,10.560000,787200
2015-03-27,10.540000,10.560000,10.110000,10.340000,10.340000,651000
2015-03-30,10.420000,10.720000,10.310000,10.650000,10.650000,580400
2015-03-31,10.530000,10.940000,10.360000,10.790000,10.790000,761300
2015-04-01,10.780000,11.320000,10.650000,11.150000,11.150000,830500
2015-04-02,11.170000,11.430000,10.750000,10.950000,10.950000,852100
2015-04-06,10.910000,11.500000,10.830000,11.430000,11.430000,886100
2015-04-07,11.420000,11.870000,11.240000,11.540000,11.540000,1131900
2015-04-08,11.600000,11.740000,11.400000,11.510000,11.510000,739100
2015-04-09,11.510000,11.630000,11.220000,11.450000,11.450000,791900
2015-04-10,11.470000,11.950000,11.470000,11.740000,11.740000,572300
2015-04-13,11.810000,11.930000,11.440000,11.520000,11.520000,708400
2015-04-14,11.580000,11.720000,10.900000,11.310000,11.310000,866500
2015-04-15,11.360000,12.120000,11.180000,11.780000,11.780000,1419200
2015-04-16,11.680000,12.640000,11.620000,12.230000,12.230000,1317200
2015-04-17,12.110000,12.270000,11.800000,12.120000,12.120000,1201000
2015-04-20,12.210000,12.620000,12.050000,12.390000,12.390000,1166300
2015-04-21,12.420000,12.680000,12.150000,12.550000,12.550000,1162400
2015-04-22,12.550000,12.550000,12.000000,12.250000,12.250000,1183200
2015-04-23,12.240000,12.490000,11.800000,12.440000,12.440000,957300
2015-04-24,12.300000,12.390000,11.620000,12.030000,12.030000,1228500
2015-04-27,12.130000,12.350000,11.800000,11.860000,11.860000,867200
2015-04-28,11.800000,12.260000,11.630000,11.970000,11.970000,882200
2015-04-29,11.650000,12.550000,11.520000,12.130000,12.130000,1001700
2015-04-30,12.000000,12.180000,11.780000,11.960000,11.960000,645300
2015-05-01,12.000000,12.300000,11.880000,12.230000,12.230000,554100
2015-05-04,12.460000,12.530000,12.130000,12.150000,12.150000,639500
2015-05-05,12.170000,12.440000,11.810000,11.900000,11.900000,608300
2015-05-06,12.030000,12.200000,11.680000,12.030000,12.030000,672900
2015-05-07,12.000000,12.040000,11.550000,11.970000,11.970000,849700
2015-05-08,12.070000,12.290000,11.750000,12.070000,12.070000,894900
2015-05-11,12.060000,12.240000,11.720000,11.830000,11.830000,1535100
2015-05-12,11.090000,12.400000,10.870000,12.150000,12.150000,2965300
2015-05-13,12.300000,13.700000,12.200000,13.400000,13.400000,3129900
2015-05-14,13.370000,13.370000,12.750000,12.930000,12.930000,1385300
2015-05-15,12.870000,13.100000,12.670000,12.940000,12.940000,825500
2015-05-18,12.850000,13.150000,12.670000,12.840000,12.840000,769000
2015-05-19,12.750000,12.910000,12.300000,12.620000,12.620000,1061700
2015-05-20,12.620000,12.700000,12.020000,12.030000,12.030000,1006700
2015-05-21,12.050000,12.460000,11.880000,12.050000,12.050000,949200
2015-05-22,12.070000,12.100000,11.750000,12.070000,12.070000,623100
2015-05-26,11.910000,12.020000,11.480000,11.780000,11.780000,614100
2015-05-27,11.760000,12.030000,11.620000,12.010000,12.010000,896200
2015-05-28,12.020000,12.130000,11.620000,11.770000,11.770000,676400
2015-05-29,11.800000,12.540000,11.360000,11.510000,11.510000,2173500
2015-06-01,11.600000,11.790000,11.000000,11.020000,11.020000,1244500
2015-06-02,11.010000,11.150000,10.550000,10.980000,10.980000,1088900
2015-06-03,11.010000,11.150000,10.600000,10.630000,10.630000,706800
2015-06-04,10.570000,10.620000,10.360000,10.550000,10.550000,599200
2015-06-05,10.520000,11.170000,10.460000,11.010000,11.010000,752400
2015-06-08,10.990000,11.120000,10.620000,10.760000,10.760000,518200
2015-06-09,10.830000,10.910000,10.640000,10.770000,10.770000,353500
2015-06-10,10.900000,11.070000,10.730000,10.760000,10.760000,666200
2015-06-11,10.840000,11.190000,10.770000,10.870000,10.870000,718700
2015-06-12,10.900000,11.110000,10.840000,10.940000,10.940000,402900
2015-06-15,10.850000,10.970000,10.740000,10.840000,10.840000,521000
2015-06-16,10.890000,11.000000,10.720000,10.850000,10.850000,513000
2015-06-17,10.900000,11.250000,10.650000,10.850000,10.850000,690700
2015-06-18,10.910000,11.000000,10.500000,10.580000,10.580000,614000
2015-06-19,10.530000,10.850000,10.530000,10.750000,10.750000,529200
2015-06-22,10.720000,10.830000,10.270000,10.300000,10.300000,758300
2015-06-23,10.350000,10.500000,9.930000,10.380000,10.380000,1210500
2015-06-24,10.330000,10.350000,10.050000,10.060000,10.060000,469300
2015-06-25,10.100000,10.400000,10.080000,10.170000,10.170000,615600
2015-06-26,10.180000,10.530000,10.150000,10.260000,10.260000,845700
2015-06-29,10.150000,10.250000,9.900000,9.930000,9.930000,662400
2015-06-30,10.030000,10.360000,9.970000,10.320000,10.320000,817200
2015-07-01,10.370000,10.450000,9.830000,9.830000,9.830000,878000
2015-07-02,9.880000,10.190000,9.880000,10.060000,10.060000,546600
2015-07-06,9.840000,10.040000,9.620000,9.730000,9.730000,638900
2015-07-07,9.710000,9.970000,9.450000,9.790000,9.790000,838600
2015-07-08,9.750000,9.910000,9.210000,9.290000,9.290000,947500
2015-07-09,9.460000,9.900000,9.430000,9.720000,9.720000,937600
2015-07-10,9.850000,9.850000,9.330000,9.350000,9.350000,862400
2015-07-13,9.390000,9.620000,9.320000,9.480000,9.480000,607300
2015-07-14,9.510000,9.830000,9.440000,9.750000,9.750000,683200
2015-07-15,9.660000,9.790000,9.320000,9.420000,9.420000,568600
2015-07-16,9.500000,9.610000,9.190000,9.200000,9.200000,604200
2015-07-17,9.210000,9.370000,8.980000,9.000000,9.000000,889600
2015-07-20,9.000000,9.070000,8.690000,8.920000,8.920000,1017000
2015-07-21,8.910000,9.160000,8.570000,8.640000,8.640000,921600
2015-07-22,8.610000,8.610000,7.740000,7.800000,7.800000,1555600
2015-07-23,7.800000,8.120000,7.550000,7.690000,7.690000,2181000
2015-07-24,7.760000,7.810000,7.110000,7.330000,7.330000,1795500
2015-07-27,7.090000,8.100000,7.050000,7.560000,7.560000,1543800
2015-07-28,7.580000,7.800000,7.260000,7.530000,7.530000,833400
2015-07-29,7.560000,8.010000,7.420000,7.980000,7.980000,1063700
2015-07-30,7.830000,8.260000,7.730000,7.930000,7.930000,1243900
2015-07-31,7.850000,7.870000,7.320000,7.380000,7.380000,1516600
2015-08-03,7.340000,7.510000,7.050000,7.260000,7.260000,1021400
2015-08-04,7.190000,7.520000,7.170000,7.510000,7.510000,737400
2015-08-05,7.590000,7.760000,7.360000,7.450000,7.450000,1071500
2015-08-06,7.420000,7.850000,7.260000,7.720000,7.720000,773300
2015-08-07,7.740000,7.940000,7.250000,7.290000,7.290000,676200
2015-08-10,7.400000,7.940000,7.360000,7.890000,7.890000,856100
2015-08-11,7.680000,7.790000,7.410000,7.690000,7.690000,907300
2015-08-12,7.590000,7.940000,7.500000,7.840000,7.840000,867600
2015-08-13,7.810000,7.920000,7.610000,7.760000,7.760000,654800
2015-08-14,7.760000,7.950000,7.650000,7.740000,7.740000,611800
2015-08-17,7.730000,7.750000,7.520000,7.680000,7.680000,561500
2015-08-18,7.670000,7.680000,7.430000,7.640000,7.640000,734200
2015-08-19,7.600000,7.690000,7.360000,7.540000,7.540000,634900
2015-08-20,7.460000,7.580000,7.010000,7.030000,7.030000,701200
2015-08-21,6.890000,7.140000,6.810000,6.950000,6.950000,1075200
2015-08-24,6.580000,7.120000,6.250000,6.570000,6.570000,906000
2015-08-25,6.830000,6.990000,6.250000,6.310000,6.310000,808000
2015-08-26,6.450000,6.450000,6.110000,6.220000,6.220000,870500
2015-08-27,6.340000,7.110000,6.260000,6.950000,6.950000,975000
2015-08-28,6.950000,7.330000,6.880000,7.120000,7.120000,694200
2015-08-31,7.060000,7.180000,6.740000,7.080000,7.080000,740800
2015-09-01,6.930000,7.130000,6.500000,6.550000,6.550000,1080700
2015-09-02,6.600000,6.750000,6.420000,6.560000,6.560000,1451500
2015-09-03,6.620000,6.850000,6.530000,6.610000,6.610000,1184700
2015-09-04,6.490000,6.620000,6.390000,6.460000,6.460000,1066600
2015-09-08,6.550000,6.960000,6.480000,6.910000,6.910000,979200
2015-09-09,6.920000,7.420000,6.910000,7.230000,7.230000,1541200
2015-09-10,7.250000,7.370000,6.980000,7.190000,7.190000,1371000
2015-09-11,7.120000,7.200000,6.830000,6.860000,6.860000,791300
2015-09-14,6.870000,6.910000,6.490000,6.500000,6.500000,756600
2015-09-15,6.510000,7.000000,6.510000,6.860000,6.860000,731500
2015-09-16,6.880000,7.090000,6.830000,7.010000,7.010000,595100
2015-09-17,6.960000,7.230000,6.860000,6.960000,6.960000,751300
2015-09-18,6.830000,6.890000,6.670000,6.880000,6.880000,1213500
2015-09-21,6.870000,7.270000,6.840000,7.030000,7.030000,795400
2015-09-22,6.910000,7.090000,6.820000,7.040000,7.040000,555600
2015-09-23,7.080000,7.200000,6.880000,6.910000,6.910000,669900
2015-09-24,6.830000,6.910000,6.680000,6.840000,6.840000,506300
2015-09-25,6.900000,6.980000,6.630000,6.770000,6.770000,661300
2015-09-28,6.680000,6.720000,6.180000,6.340000,6.340000,856000
2015-09-29,6.410000,6.470000,6.200000,6.230000,6.230000,564000
2015-09-30,6.260000,6.520000,6.260000,6.490000,6.490000,547100
2015-10-01,6.560000,6.680000,6.220000,6.340000,6.340000,464000
2015-10-02,6.250000,6.730000,6.250000,6.690000,6.690000,605100
2015-10-05,6.750000,6.980000,6.740000,6.930000,6.930000,559400
2015-10-06,6.950000,7.170000,6.880000,7.010000,7.010000,836500
2015-10-07,7.150000,7.640000,7.100000,7.320000,7.320000,1439900
2015-10-08,7.180000,7.280000,6.960000,7.140000,7.140000,912000
2015-10-09,7.140000,7.230000,6.910000,7.050000,7.050000,674300
2015-10-12,7.020000,7.050000,6.630000,6.730000,6.730000,843000
2015-10-13,6.720000,6.730000,6.280000,6.300000,6.300000,1036300
2015-10-14,6.320000,6.590000,6.270000,6.420000,6.420000,637300
2015-10-15,6.350000,6.610000,6.230000,6.600000,6.600000,583800
2015-10-16,6.640000,6.640000,6.320000,6.450000,6.450000,496200
2015-10-19,6.320000,6.590000,6.300000,6.420000,6.420000,416800
2015-10-20,6.380000,6.670000,6.360000,6.580000,6.580000,501600
2015-10-21,6.570000,6.640000,6.240000,6.320000,6.320000,636200
2015-10-22,6.340000,6.470000,5.920000,6.000000,6.000000,1002700
2015-10-23,5.970000,6.130000,5.660000,6.110000,6.110000,1225000
2015-10-26,6.090000,6.100000,5.620000,5.680000,5.680000,660300
2015-10-27,5.620000,5.790000,5.450000,5.610000,5.610000,764300
2015-10-28,5.650000,6.100000,5.610000,5.950000,5.950000,903200
2015-10-29,5.800000,6.100000,5.760000,5.820000,5.820000,627600
2015-10-30,5.890000,6.120000,5.780000,6.010000,6.010000,596300
2015-11-02,5.930000,6.240000,5.860000,6.120000,6.120000,876100
2015-11-03,6.200000,6.510000,6.080000,6.470000,6.470000,1023500
2015-11-04,6.470000,6.630000,5.830000,5.960000,5.960000,1244800
2015-11-05,5.430000,6.030000,5.340000,5.800000,5.800000,1426700
2015-11-06,5.510000,5.690000,5.210000,5.260000,5.260000,1717700
2015-11-09,5.230000,5.250000,4.810000,4.910000,4.910000,1675800
2015-11-10,4.890000,4.890000,4.470000,4.510000,4.510000,1753400
2015-11-11,4.510000,4.520000,4.210000,4.250000,4.250000,1325800
2015-11-12,4.630000,4.910000,4.270000,4.890000,4.890000,1961000
2015-11-13,4.930000,4.960000,4.410000,4.460000,4.460000,1618100
2015-11-16,4.410000,4.590000,4.160000,4.240000,4.240000,1480100
2015-11-17,4.320000,4.370000,3.920000,3.930000,3.930000,1382300
2015-11-18,3.930000,4.240000,3.840000,4.150000,4.150000,1579700
2015-11-19,4.290000,4.310000,3.870000,3.930000,3.930000,1067500
2015-11-20,3.960000,4.020000,3.850000,3.860000,3.860000,910600
2015-11-23,3.810000,3.960000,3.740000,3.830000,3.830000,828500
2015-11-24,3.830000,4.050000,3.830000,4.030000,4.030000,1401400
2015-11-25,4.170000,4.430000,4.090000,4.310000,4.310000,1130900
2015-11-27,4.290000,4.320000,4.050000,4.120000,4.120000,469200
2015-11-30,4.150000,5.120000,4.130000,4.990000,4.990000,2789400
2015-12-01,5.050000,5.180000,4.620000,4.900000,4.900000,2463900
2015-12-02,4.810000,5.010000,4.610000,4.740000,4.740000,1174300
2015-12-03,4.830000,4.870000,4.500000,4.590000,4.590000,857300
2015-12-04,4.550000,4.720000,4.510000,4.590000,4.590000,535200
2015-12-07,4.540000,4.540000,4.120000,4.200000,4.200000,1360800
2015-12-08,4.110000,4.300000,4.020000,4.210000,4.210000,464300
2015-12-09,4.280000,4.710000,4.240000,4.310000,4.310000,1179000
2015-12-10,4.290000,4.550000,4.220000,4.520000,4.520000,867300
2015-12-11,4.460000,4.480000,4.130000,4.150000,4.150000,1019700
2015-12-14,4.100000,4.150000,3.960000,4.130000,4.130000,1002800
2015-12-15,4.210000,4.370000,4.080000,4.240000,4.240000,960800
2015-12-16,4.210000,4.610000,4.170000,4.470000,4.470000,907200
2015-12-17,4.500000,4.580000,4.240000,4.440000,4.440000,687800
2015-12-18,4.450000,4.530000,4.200000,4.310000,4.310000,821900
2015-12-21,4.350000,4.630000,4.180000,4.500000,4.500000,894700
2015-12-22,4.510000,4.630000,4.320000,4.540000,4.540000,577200
2015-12-23,4.610000,4.870000,4.590000,4.810000,4.810000,747300
2015-12-24,4.830000,4.860000,4.700000,4.780000,4.780000,258600
2015-12-28,4.670000,4.760000,4.520000,4.590000,4.590000,620700
2015-12-29,4.630000,4.730000,4.540000,4.640000,4.640000,366400
2015-12-30,4.560000,4.720000,4.530000,4.590000,4.590000,322000
2015-12-31,4.560000,4.820000,4.500000,4.780000,4.780000,559900
2016-01-04,4.700000,4.900000,4.610000,4.850000,4.850000,747400
2016-01-05,4.870000,4.920000,4.520000,4.520000,4.520000,577300
2016-01-06,4.410000,4.460000,4.280000,4.290000,4.290000,526000
2016-01-07,4.170000,4.240000,3.900000,3.910000,3.910000,858100
2016-01-08,3.910000,4.040000,3.810000,3.810000,3.810000,671800
2016-01-11,3.800000,3.920000,3.180000,3.360000,3.360000,1238200
2016-01-12,3.390000,3.440000,3.030000,3.190000,3.190000,1153800
2016-01-13,3.210000,3.450000,3.110000,3.260000,3.260000,1305200
2016-01-14,3.250000,3.550000,3.150000,3.340000,3.340000,2587700
2016-01-15,3.230000,3.520000,3.110000,3.440000,3.440000,988500
2016-01-19,3.480000,3.500000,2.930000,3.110000,3.110000,1353300
2016-01-20,2.940000,2.950000,2.410000,2.800000,2.800000,2150700
2016-01-21,2.820000,3.030000,2.750000,2.950000,2.950000,963000
2016-01-22,3.040000,3.200000,2.910000,3.150000,3.150000,1017900
2016-01-25,3.150000,3.180000,2.910000,2.950000,2.950000,685200
2016-01-26,3.010000,3.120000,2.970000,3.090000,3.090000,825600
2016-01-27,3.040000,3.230000,3.020000,3.100000,3.100000,722700
2016-01-28,3.200000,3.310000,3.080000,3.110000,3.110000,653300
2016-01-29,3.090000,3.540000,3.090000,3.490000,3.490000,914700
2016-02-01,3.410000,3.490000,3.260000,3.380000,3.380000,812200
2016-02-02,3.280000,3.310000,3.140000,3.210000,3.210000,1547800
2016-02-03,3.310000,3.430000,3.080000,3.400000,3.400000,474500
2016-02-04,3.370000,3.690000,3.370000,3.640000,3.640000,475200
2016-02-05,3.560000,3.760000,3.490000,3.540000,3.540000,568200
2016-02-08,3.440000,3.470000,3.270000,3.360000,3.360000,557700
2016-02-09,3.270000,3.310000,3.080000,3.150000,3.150000,412400
2016-02-10,3.120000,3.320000,3.060000,3.140000,3.140000,519400
2016-02-11,3.080000,3.270000,2.870000,3.240000,3.240000,914100
2016-02-12,3.320000,3.450000,3.150000,3.220000,3.220000,814300
2016-02-16,3.250000,3.500000,3.180000,3.480000,3.480000,490300
2016-02-17,3.530000,3.710000,3.510000,3.680000,3.680000,574200
2016-02-18,3.710000,3.750000,3.370000,3.390000,3.390000,509300
2016-02-19,3.330000,3.390000,3.240000,3.370000,3.370000,277800
2016-02-22,3.430000,3.590000,3.370000,3.570000,3.570000,372900
2016-02-23,3.560000,3.560000,3.340000,3.460000,3.460000,327900
2016-02-24,3.350000,3.700000,3.260000,3.690000,3.690000,420800
2016-02-25,3.620000,3.690000,3.360000,3.420000,3.420000,403500
2016-02-26,3.500000,3.850000,3.470000,3.800000,3.800000,740800
2016-02-29,3.830000,4.120000,3.800000,3.940000,3.940000,872100
2016-03-01,4.040000,4.270000,3.940000,4.070000,4.070000,1019000
2016-03-02,4.160000,4.280000,3.930000,4.130000,4.130000,585100
2016-03-03,4.080000,4.500000,4.050000,4.460000,4.460000,612500
2016-03-04,4.560000,4.940000,4.410000,4.570000,4.570000,972900
2016-03-07,4.630000,4.740000,4.480000,4.710000,4.710000,681100
2016-03-08,4.700000,4.740000,4.220000,4.260000,4.260000,722900
2016-03-09,4.330000,4.520000,4.180000,4.210000,4.210000,604900
2016-03-10,4.900000,5.590000,4.730000,5.460000,5.460000,4434900
2016-03-11,5.540000,5.850000,5.070000,5.340000,5.340000,2412300
2016-03-14,5.340000,5.440000,4.910000,5.200000,5.200000,877600
2016-03-15,5.070000,5.210000,4.730000,5.000000,5.000000,817700
2016-03-16,5.010000,5.500000,4.920000,5.090000,5.090000,758900
2016-03-17,5.150000,5.440000,5.050000,5.270000,5.270000,758500
2016-03-18,5.350000,5.650000,5.050000,5.070000,5.070000,1901100
2016-03-21,5.020000,5.350000,5.000000,5.190000,5.190000,713100
2016-03-22,5.090000,5.160000,4.950000,5.070000,5.070000,571500
2016-03-23,4.990000,5.000000,4.520000,4.640000,4.640000,644300
2016-03-24,4.520000,4.710000,4.370000,4.610000,4.610000,359300
2016-03-28,4.610000,4.750000,4.450000,4.590000,4.590000,353000
2016-03-29,4.520000,4.630000,4.330000,4.530000,4.530000,514700
2016-03-30,4.570000,4.670000,4.420000,4.500000,4.500000,512900
2016-03-31,4.470000,4.700000,4.440000,4.680000,4.680000,914500
2016-04-01,4.570000,4.570000,4.320000,4.400000,4.400000,604400
2016-04-04,4.350000,4.440000,3.940000,4.010000,4.010000,1098900
2016-04-05,3.990000,4.100000,3.920000,3.920000,3.920000,493100
2016-04-06,3.960000,4.040000,3.670000,4.000000,4.000000,860300
2016-04-07,3.990000,4.070000,3.890000,3.970000,3.970000,685700
2016-04-08,4.060000,4.310000,3.850000,3.920000,3.920000,824300
2016-04-11,3.980000,4.210000,3.910000,4.000000,4.000000,632400
2016-04-12,4.020000,4.330000,3.950000,4.240000,4.240000,762300
2016-04-13,4.220000,4.650000,4.220000,4.500000,4.500000,881600
2016-04-14,4.510000,4.580000,4.340000,4.450000,4.450000,451400
2016-04-15,4.400000,4.510000,4.350000,4.450000,4.450000,443100
2016-04-18,4.320000,4.680000,4.290000,4.560000,4.560000,542200
2016-04-19,4.500000,4.630000,4.400000,4.540000,4.540000,532100
2016-04-20,4.510000,4.760000,4.490000,4.670000,4.670000,712700
2016-04-21,4.710000,4.810000,4.560000,4.800000,4.800000,598100
2016-04-22,4.850000,5.090000,4.770000,4.910000,4.910000,658200
2016-04-25,4.940000,4.940000,4.740000,4.870000,4.870000,378600
2016-04-26,4.880000,4.990000,4.820000,4.880000,4.880000,271400
2016-04-27,4.920000,5.120000,4.840000,5.100000,5.100000,477500
2016-04-28,5.070000,5.220000,4.870000,4.910000,4.910000,398500
2016-04-29,4.920000,5.010000,4.600000,4.730000,4.730000,560200
2016-05-02,4.720000,4.720000,4.480000,4.520000,4.520000,506700
2016-05-03,4.420000,4.420000,4.070000,4.280000,4.280000,526900
2016-05-04,4.300000,4.490000,4.140000,4.260000,4.260000,460200
2016-05-05,3.800000,4.380000,3.740000,4.370000,4.370000,885000
2016-05-06,4.310000,4.670000,4.190000,4.640000,4.640000,739600
2016-05-09,4.640000,4.650000,4.230000,4.250000,4.250000,990100
2016-05-10,4.250000,4.610000,4.250000,4.450000,4.450000,537400
2016-05-11,4.450000,4.800000,4.340000,4.430000,4.430000,506800
2016-05-12,4.480000,4.560000,4.220000,4.290000,4.290000,495700
2016-05-13,4.260000,4.400000,4.110000,4.140000,4.140000,361500
2016-05-16,4.240000,4.390000,4.160000,4.210000,4.210000,411600
2016-05-17,4.210000,4.340000,4.090000,4.120000,4.120000,394800
2016-05-18,4.140000,4.370000,4.110000,4.330000,4.330000,538600
2016-05-19,4.280000,4.630000,4.280000,4.530000,4.530000,664500
2016-05-20,4.560000,4.730000,4.540000,4.690000,4.690000,332700
2016-05-23,4.650000,4.730000,4.550000,4.650000,4.650000,281100
2016-05-24,4.760000,5.050000,4.760000,5.010000,5.010000,1115300
2016-05-25,5.110000,6.070000,5.070000,6.040000,6.040000,2414100
2016-05-26,6.080000,6.380000,5.730000,5.790000,5.790000,2200500
2016-05-27,5.770000,6.150000,5.630000,6.070000,6.070000,575300
2016-05-31,6.090000,6.480000,6.080000,6.330000,6.330000,1197200
2016-06-01,6.280000,6.580000,6.210000,6.470000,6.470000,858100
2016-06-02,6.400000,6.760000,6.310000,6.500000,6.500000,870900
2016-06-03,6.530000,6.580000,6.320000,6.460000,6.460000,410600
2016-06-06,6.490000,6.530000,6.320000,6.450000,6.450000,660500
2016-06-07,6.490000,6.490000,6.230000,6.370000,6.370000,534700
2016-06-08,6.400000,6.490000,6.280000,6.320000,6.320000,525000
2016-06-09,6.270000,6.270000,5.850000,6.010000,6.010000,718000
2016-06-10,5.920000,5.950000,5.670000,5.740000,5.740000,598900
2016-06-13,5.650000,5.830000,5.510000,5.570000,5.570000,480800
2016-06-14,5.490000,5.690000,5.410000,5.490000,5.490000,393500
2016-06-15,5.470000,5.660000,5.310000,5.470000,5.470000,371700
2016-06-16,5.420000,5.480000,5.280000,5.440000,5.440000,248000
2016-06-17,5.480000,5.730000,5.390000,5.560000,5.560000,591400
2016-06-20,5.630000,5.900000,5.340000,5.370000,5.370000,563200
2016-06-21,5.360000,5.390000,5.130000,5.300000,5.300000,330100
2016-06-22,5.320000,5.370000,5.210000,5.270000,5.270000,292600
2016-06-23,5.350000,5.450000,5.280000,5.400000,5.400000,383200
2016-06-24,5.110000,5.200000,4.930000,5.150000,5.150000,787500
2016-06-27,5.050000,5.050000,4.640000,4.680000,4.680000,637600
2016-06-28,4.770000,5.030000,4.770000,4.880000,4.880000,469600
2016-06-29,4.970000,5.090000,4.900000,5.040000,5.040000,642200
2016-06-30,5.030000,5.500000,4.900000,5.450000,5.450000,1274200
2016-07-01,5.440000,6.100000,5.430000,5.960000,5.960000,1223500
2016-07-05,5.860000,5.960000,5.530000,5.620000,5.620000,730000
2016-07-06,5.610000,5.850000,5.370000,5.780000,5.780000,630500
2016-07-07,5.840000,5.970000,5.480000,5.590000,5.590000,638900
2016-07-08,5.670000,5.770000,5.510000,5.690000,5.690000,441100
2016-07-11,5.700000,5.910000,5.650000,5.760000,5.760000,412000
2016-07-12,5.900000,6.180000,5.870000,6.100000,6.100000,692600
2016-07-13,6.080000,6.200000,5.910000,6.090000,6.090000,532000
2016-07-14,6.190000,6.190000,5.870000,5.950000,5.950000,605700
2016-07-15,6.010000,6.020000,5.860000,5.960000,5.960000,357500
2016-07-18,5.920000,6.160000,5.810000,6.110000,6.110000,456200
2016-07-19,6.070000,6.130000,6.030000,6.100000,6.100000,339600
2016-07-20,6.080000,6.180000,5.950000,6.030000,6.030000,593000
2016-07-21,6.040000,6.100000,5.790000,5.840000,5.840000,605700
2016-07-22,5.840000,5.980000,5.770000,5.880000,5.880000,287700
2016-07-25,5.810000,5.900000,5.720000,5.760000,5.760000,385500
2016-07-26,5.790000,6.280000,5.720000,6.280000,6.280000,966500
2016-07-27,6.310000,6.530000,6.250000,6.450000,6.450000,1005300
2016-07-28,7.450000,7.500000,6.550000,6.780000,6.780000,2576200
2016-07-29,6.760000,6.950000,6.510000,6.830000,6.830000,965900
2016-08-01,6.800000,6.800000,6.420000,6.600000,6.600000,710700
2016-08-02,6.680000,6.700000,6.280000,6.340000,6.340000,902700
2016-08-03,6.350000,6.480000,6.140000,6.400000,6.400000,871300
2016-08-04,6.380000,6.550000,6.260000,6.490000,6.490000,774100
2016-08-05,6.530000,6.680000,6.490000,6.580000,6.580000,626100
2016-08-08,6.600000,6.990000,6.600000,6.830000,6.830000,726400
2016-08-09,6.850000,6.920000,6.750000,6.820000,6.820000,543400
2016-08-10,6.900000,6.920000,6.630000,6.710000,6.710000,498800
2016-08-11,6.730000,6.750000,6.630000,6.650000,6.650000,385500
2016-08-12,6.700000,6.710000,6.470000,6.620000,6.620000,624400
2016-08-15,6.680000,6.830000,6.680000,6.800000,6.800000,749000
2016-08-16,6.760000,6.800000,6.680000,6.760000,6.760000,287400
2016-08-17,6.720000,6.870000,6.560000,6.690000,6.690000,505300
2016-08-18,6.800000,6.890000,6.720000,6.870000,6.870000,601400
2016-08-19,6.840000,6.990000,6.710000,6.820000,6.820000,747000
2016-08-22,6.740000,7.030000,6.600000,6.970000,6.970000,633900
2016-08-23,6.980000,7.210000,6.970000,7.160000,7.160000,865000
2016-08-24,7.090000,7.170000,6.620000,6.670000,6.670000,970200
2016-08-25,6.620000,6.780000,6.620000,6.710000,6.710000,606500
2016-08-26,6.760000,6.960000,6.670000,6.810000,6.810000,758500
2016-08-29,6.810000,7.010000,6.700000,6.820000,6.820000,573000
2016-08-30,6.800000,6.900000,6.660000,6.740000,6.740000,487000
2016-08-31,6.700000,6.780000,6.420000,6.460000,6.460000,764100
2016-09-01,6.430000,6.550000,6.270000,6.480000,6.480000,659500
2016-09-02,6.560000,6.640000,6.480000,6.580000,6.580000,462700
2016-09-06,6.600000,6.710000,6.510000,6.630000,6.630000,480900
2016-09-07,7.230000,7.230000,6.630000,6.640000,6.640000,577900
2016-09-08,6.710000,6.880000,6.470000,6.700000,6.700000,814900
2016-09-09,6.610000,6.680000,6.440000,6.450000,6.450000,468000
2016-09-12,6.540000,6.780000,6.380000,6.650000,6.650000,914100
2016-09-13,6.540000,6.690000,6.280000,6.350000,6.350000,651000
2016-09-14,6.350000,6.610000,6.260000,6.360000,6.360000,494000
2016-09-15,6.390000,6.450000,6.310000,6.360000,6.360000,447400
2016-09-16,6.290000,6.360000,6.240000,6.300000,6.300000,768300
2016-09-19,6.380000,6.490000,6.170000,6.390000,6.390000,371700
2016-09-20,6.390000,6.470000,6.320000,6.400000,6.400000,490700
2016-09-21,6.470000,6.600000,6.420000,6.530000,6.530000,389500
2016-09-22,6.580000,6.670000,6.560000,6.630000,6.630000,353400
2016-09-23,6.580000,6.690000,6.510000,6.560000,6.560000,230700
2016-09-26,6.560000,6.600000,6.430000,6.450000,6.450000,250300
2016-09-27,6.410000,6.530000,6.340000,6.520000,6.520000,319300
2016-09-28,6.600000,6.810000,6.450000,6.800000,6.800000,622400
2016-09-29,6.860000,6.920000,6.620000,6.690000,6.690000,527900
2016-09-30,6.710000,6.980000,6.600000,6.910000,6.910000,583800
2016-10-03,6.940000,6.960000,6.740000,6.780000,6.780000,366800
2016-10-04,6.790000,6.870000,6.710000,6.750000,6.750000,497800
2016-10-05,6.800000,7.140000,6.750000,7.060000,7.060000,1010500
2016-10-06,7.000000,7.420000,6.960000,7.210000,7.210000,817900
2016-10-07,7.250000,7.250000,7.030000,7.160000,7.160000,389100
2016-10-10,7.230000,7.480000,7.230000,7.330000,7.330000,428000
2016-10-11,7.340000,7.410000,7.110000,7.180000,7.180000,324000
2016-10-12,7.150000,7.230000,7.050000,7.150000,7.150000,283900
2016-10-13,7.100000,7.220000,6.990000,7.120000,7.120000,314400
2016-10-14,7.190000,7.300000,7.060000,7.220000,7.220000,309800
2016-10-17,7.150000,7.400000,7.150000,7.250000,7.250000,190600
2016-10-18,7.300000,7.400000,7.150000,7.350000,7.350000,333700
2016-10-19,7.400000,7.620000,7.340000,7.400000,7.400000,471000
2016-10-20,7.400000,7.580000,7.250000,7.450000,7.450000,285000
2016-10-21,7.350000,7.450000,7.250000,7.450000,7.450000,206300
2016-10-24,7.450000,7.600000,7.350000,7.400000,7.400000,322700
2016-10-25,7.400000,7.700000,7.360000,7.500000,7.500000,361400
2016-10-26,7.500000,7.600000,7.300000,7.400000,7.400000,253600
2016-10-27,7.450000,7.600000,7.400000,7.500000,7.500000,253600
2016-10-28,7.500000,7.700000,7.350000,7.500000,7.500000,679400
2016-10-31,7.500000,7.550000,7.350000,7.450000,7.450000,391700
2016-11-01,7.450000,7.700000,7.400000,7.500000,7.500000,580800
2016-11-02,7.400000,7.600000,7.400000,7.500000,7.500000,500700
2016-11-03,6.850000,7.350000,6.550000,7.050000,7.050000,1895100
2016-11-04,7.050000,7.300000,6.900000,7.250000,7.250000,535300
2016-11-07,7.300000,7.330000,6.650000,6.650000,6.650000,608900
2016-11-08,6.700000,7.150000,6.550000,6.900000,6.900000,497000
2016-11-09,6.700000,6.850000,6.300000,6.450000,6.450000,970900
2016-11-10,6.450000,6.700000,6.250000,6.350000,6.350000,1213700
2016-11-11,6.350000,6.350000,5.750000,5.950000,5.950000,1440700
2016-11-14,6.000000,6.300000,5.900000,6.250000,6.250000,618000
2016-11-15,6.250000,6.650000,6.150000,6.550000,6.550000,535100
2016-11-16,6.600000,6.700000,6.400000,6.700000,6.700000,423800
2016-11-17,6.750000,7.100000,6.650000,7.050000,7.050000,772200
2016-11-18,7.100000,7.300000,6.910000,7.250000,7.250000,443900
2016-11-21,6.650000,7.650000,6.650000,7.650000,7.650000,582600
2016-11-22,7.650000,7.850000,7.550000,7.750000,7.750000,536400
2016-11-23,7.750000,8.380000,7.510000,8.300000,8.300000,969900
2016-11-25,8.350000,8.730000,8.250000,8.500000,8.500000,591300
2016-11-28,8.600000,8.650000,8.350000,8.450000,8.450000,431800
2016-11-29,8.350000,8.550000,7.800000,8.500000,8.500000,784300
2016-11-30,8.700000,9.000000,8.500000,8.600000,8.600000,1071600
2016-12-01,8.700000,8.850000,8.650000,8.850000,8.850000,610000
2016-12-02,8.900000,8.950000,8.600000,8.700000,8.700000,612400
2016-12-05,8.800000,8.950000,8.550000,8.750000,8.750000,669800
2016-12-06,8.650000,8.900000,8.600000,8.800000,8.800000,283500
2016-12-07,8.800000,9.100000,8.750000,8.950000,8.950000,448700
2016-12-08,8.900000,9.930000,8.900000,9.850000,9.850000,952700
2016-12-09,9.950000,10.000000,9.350000,9.600000,9.600000,621800
2016-12-12,9.900000,10.950000,9.860000,10.250000,10.250000,1849000
2016-12-13,9.600000,9.850000,9.400000,9.650000,9.650000,1660900
2016-12-14,9.850000,10.150000,9.350000,9.700000,9.700000,850500
2016-12-15,9.700000,10.000000,9.600000,9.750000,9.750000,457800
2016-12-16,9.750000,9.950000,9.600000,9.650000,9.650000,458900
2016-12-19,9.700000,9.950000,9.550000,9.850000,9.850000,425900
2016-12-20,9.900000,10.000000,9.800000,10.000000,10.000000,454200
2016-12-21,9.950000,10.250000,9.850000,10.150000,10.150000,318000
2016-12-22,10.150000,10.200000,9.650000,9.750000,9.750000,590800
2016-12-23,9.850000,9.850000,9.350000,9.800000,9.800000,256000
2016-12-27,9.850000,10.000000,9.750000,9.800000,9.800000,272600
2016-12-28,9.800000,9.880000,9.400000,9.500000,9.500000,368300
2016-12-29,9.500000,9.600000,9.200000,9.450000,9.450000,758200
2016-12-30,9.350000,9.600000,9.200000,9.500000,9.500000,786600
2017-01-03,9.650000,10.050000,9.640000,9.850000,9.850000,534400
2017-01-04,9.850000,9.950000,9.650000,9.750000,9.750000,513300
2017-01-05,9.750000,9.800000,9.300000,9.350000,9.350000,343100
2017-01-06,9.350000,9.380000,8.850000,9.100000,9.100000,710700
2017-01-09,9.100000,9.100000,8.880000,8.900000,8.900000,411700
2017-01-10,8.850000,9.030000,8.700000,8.800000,8.800000,399000
2017-01-11,8.900000,8.900000,8.600000,8.600000,8.600000,479900
2017-01-12,8.700000,8.800000,8.400000,8.450000,8.450000,336400
2017-01-13,8.500000,8.630000,8.400000,8.500000,8.500000,376800
2017-01-17,8.500000,8.530000,8.050000,8.150000,8.150000,581800
2017-01-18,8.150000,8.480000,8.000000,8.350000,8.350000,638200
2017-01-19,8.450000,8.450000,8.050000,8.100000,8.100000,318100
2017-01-20,8.150000,8.300000,7.950000,8.050000,8.050000,470500
2017-01-23,8.000000,8.320000,7.830000,8.050000,8.050000,621900
2017-01-24,8.050000,8.300000,7.950000,8.150000,8.150000,683100
2017-01-25,8.200000,8.350000,7.400000,7.500000,7.500000,1189100
2017-01-26,7.550000,7.600000,6.900000,7.100000,7.100000,1465200
2017-01-27,7.150000,7.330000,7.000000,7.000000,7.000000,568200
2017-01-30,7.000000,7.000000,6.750000,6.850000,6.850000,569800
2017-01-31,6.900000,7.200000,6.800000,7.100000,7.100000,522800
2017-02-01,7.200000,7.400000,7.000000,7.150000,7.150000,403400
2017-02-02,7.150000,7.300000,6.950000,7.050000,7.050000,450800
2017-02-03,7.000000,7.190000,6.850000,6.950000,6.950000,303700
2017-02-06,7.000000,7.000000,6.850000,6.850000,6.850000,277300
2017-02-07,6.800000,7.200000,6.750000,7.050000,7.050000,461100
2017-02-08,7.050000,7.300000,6.850000,7.250000,7.250000,628400
2017-02-09,7.350000,7.950000,7.350000,7.950000,7.950000,1072000
2017-02-10,7.950000,8.050000,7.550000,7.650000,7.650000,568600
2017-02-13,7.650000,7.750000,7.400000,7.450000,7.450000,364200
2017-02-14,7.500000,7.800000,7.350000,7.750000,7.750000,422200
2017-02-15,7.700000,7.950000,7.550000,7.900000,7.900000,406200
2017-02-16,7.850000,8.050000,7.800000,7.950000,7.950000,442400
2017-02-17,7.950000,7.950000,7.650000,7.800000,7.800000,466900
2017-02-21,7.950000,8.000000,7.600000,7.650000,7.650000,356200
2017-02-22,7.600000,7.700000,7.500000,7.500000,7.500000,354800
2017-02-23,7.550000,7.650000,7.400000,7.550000,7.550000,248900
2017-02-24,7.500000,7.680000,7.400000,7.600000,7.600000,308900
2017-02-27,7.600000,7.830000,7.550000,7.600000,7.600000,319200
2017-02-28,7.600000,8.050000,7.550000,7.850000,7.850000,756000
2017-03-01,7.950000,8.400000,7.930000,8.350000,8.350000,694100
2017-03-02,8.900000,9.350000,7.800000,7.900000,7.900000,1620900
2017-03-03,7.900000,8.350000,7.650000,7.650000,7.650000,527400
2017-03-06,7.600000,7.600000,7.100000,7.300000,7.300000,694100
2017-03-07,7.350000,7.500000,7.250000,7.350000,7.350000,437700
2017-03-08,7.400000,7.500000,7.150000,7.350000,7.350000,675900
2017-03-09,7.350000,7.380000,7.000000,7.200000,7.200000,784400
2017-03-10,7.250000,7.300000,7.100000,7.250000,7.250000,264100
2017-03-13,7.250000,7.350000,7.150000,7.200000,7.200000,328900
2017-03-14,7.100000,7.150000,6.850000,7.000000,7.000000,315000
2017-03-15,7.000000,7.100000,6.600000,6.750000,6.750000,1427600
2017-03-16,6.800000,6.850000,6.600000,6.650000,6.650000,1060900
2017-03-17,6.600000,6.880000,6.500000,6.800000,6.800000,2007200
2017-03-20,6.800000,7.200000,6.700000,7.100000,7.100000,427900
2017-03-21,7.200000,7.580000,7.100000,7.100000,7.100000,758100
2017-03-22,7.100000,7.150000,6.650000,6.900000,6.900000,567000
2017-03-23,6.900000,7.130000,6.750000,6.800000,6.800000,462800
2017-03-24,6.800000,7.100000,6.750000,6.800000,6.800000,762200
2017-03-27,6.700000,6.900000,6.700000,6.800000,6.800000,569100
2017-03-28,6.800000,7.000000,6.750000,6.800000,6.800000,539700
2017-03-29,6.800000,7.200000,6.750000,7.150000,7.150000,644000
2017-03-30,7.200000,7.250000,6.650000,6.750000,6.750000,852000
2017-03-31,6.800000,7.050000,6.600000,6.850000,6.850000,1322000
2017-04-03,6.950000,7.050000,6.750000,7.050000,7.050000,591900
2017-04-04,7.050000,7.150000,6.800000,7.050000,7.050000,613900
2017-04-05,7.050000,7.450000,6.750000,6.750000,6.750000,686900
2017-04-06,6.750000,7.200000,6.750000,7.050000,7.050000,483100
2017-04-07,7.050000,7.200000,6.900000,7.050000,7.050000,418700
2017-04-10,7.100000,7.200000,6.850000,6.900000,6.900000,557500
2017-04-11,6.950000,7.200000,6.750000,7.150000,7.150000,955500
2017-04-12,7.150000,7.200000,6.950000,6.950000,6.950000,396500
2017-04-13,7.000000,7.050000,6.800000,6.950000,6.950000,507900
2017-04-17,7.000000,7.000000,6.600000,6.800000,6.800000,961300
2017-04-18,6.750000,6.900000,6.600000,6.850000,6.850000,457400
2017-04-19,6.850000,6.950000,6.750000,6.850000,6.850000,516700
2017-04-20,6.900000,6.950000,6.700000,6.850000,6.850000,427100
2017-04-21,6.800000,6.900000,6.700000,6.750000,6.750000,351200
2017-04-24,6.750000,6.950000,6.650000,6.800000,6.800000,898800
2017-04-25,6.850000,6.900000,6.650000,6.700000,6.700000,1166700
2017-04-26,6.700000,7.000000,6.650000,6.750000,6.750000,1349300
2017-04-27,6.700000,6.750000,6.500000,6.650000,6.650000,1155200
2017-04-28,6.650000,6.800000,6.650000,6.800000,6.800000,517900
2017-05-01,6.750000,6.900000,6.700000,6.800000,6.800000,706500
2017-05-02,6.850000,6.850000,6.550000,6.550000,6.550000,461200
2017-05-03,6.550000,6.700000,6.450000,6.500000,6.500000,411000
2017-05-04,6.450000,6.700000,6.300000,6.650000,6.650000,771000
2017-05-05,6.650000,6.950000,6.450000,6.900000,6.900000,863600
2017-05-08,6.850000,7.150000,6.800000,7.000000,7.000000,645500
2017-05-09,7.050000,7.250000,6.850000,7.000000,7.000000,782800
2017-05-10,6.450000,7.200000,6.300000,7.150000,7.150000,1482100
2017-05-11,7.200000,7.250000,6.950000,7.100000,7.100000,850200
2017-05-12,7.050000,7.200000,6.850000,6.900000,6.900000,417900
2017-05-15,6.900000,7.150000,6.800000,6.800000,6.800000,688400
2017-05-16,6.850000,6.900000,6.750000,6.900000,6.900000,664300
2017-05-17,6.800000,6.800000,6.250000,6.300000,6.300000,856700
2017-05-18,6.300000,6.500000,6.150000,6.500000,6.500000,650500
2017-05-19,6.500000,6.550000,6.300000,6.330000,6.330000,458000
2017-05-22,6.300000,6.450000,6.250000,6.450000,6.450000,471300
2017-05-23,6.400000,6.500000,6.150000,6.350000,6.350000,1037100
2017-05-24,6.350000,6.600000,6.200000,6.450000,6.450000,733900
2017-05-25,6.500000,6.500000,6.250000,6.300000,6.300000,626000
2017-05-26,6.250000,6.300000,6.100000,6.250000,6.250000,637400
2017-05-30,6.200000,6.300000,5.900000,5.950000,5.950000,659000
2017-05-31,5.900000,5.950000,5.630000,5.900000,5.900000,798000
2017-06-01,5.900000,6.150000,5.800000,6.100000,6.100000,489800
2017-06-02,6.150000,6.150000,5.930000,6.050000,6.050000,344900
2017-06-05,6.050000,6.050000,5.850000,5.900000,5.900000,496000
2017-06-06,5.850000,5.900000,5.630000,5.750000,5.750000,890100
2017-06-07,5.750000,5.950000,5.650000,5.850000,5.850000,828800
2017-06-08,5.900000,6.000000,5.800000,5.950000,5.950000,347800
2017-06-09,5.900000,6.150000,5.850000,6.050000,6.050000,367200
2017-06-12,6.100000,6.450000,6.080000,6.250000,6.250000,527700
2017-06-13,6.250000,6.400000,6.050000,6.400000,6.400000,502800
2017-06-14,6.400000,6.500000,6.050000,6.100000,6.100000,343100
2017-06-15,6.050000,6.200000,5.950000,6.000000,6.000000,359300
2017-06-16,5.950000,6.050000,5.850000,6.000000,6.000000,424300
2017-06-19,6.000000,6.100000,5.900000,6.000000,6.000000,229200
2017-06-20,5.950000,6.180000,5.800000,6.000000,6.000000,715300
2017-06-21,5.950000,6.150000,5.700000,5.800000,5.800000,834700
2017-06-22,5.850000,6.030000,5.800000,5.850000,5.850000,350700
2017-06-23,5.850000,6.050000,5.750000,6.000000,6.000000,2173100
2017-06-26,6.050000,6.200000,5.950000,6.200000,6.200000,453900
2017-06-27,6.700000,6.700000,6.100000,6.250000,6.250000,734100
2017-06-28,6.250000,6.400000,6.100000,6.250000,6.250000,843600
2017-06-29,6.200000,6.250000,6.100000,6.200000,6.200000,414100
2017-06-30,6.200000,6.300000,6.100000,6.250000,6.250000,376100
2017-07-03,6.200000,6.350000,6.150000,6.300000,6.300000,216700
2017-07-05,6.250000,6.400000,6.050000,6.300000,6.300000,635200
2017-07-06,6.300000,6.500000,6.230000,6.350000,6.350000,915700
2017-07-07,6.400000,6.400000,6.200000,6.350000,6.350000,864700
2017-07-10,6.300000,6.400000,6.100000,6.150000,6.150000,636200
2017-07-11,6.100000,6.400000,5.950000,6.300000,6.300000,567600
2017-07-12,6.300000,6.430000,6.150000,6.250000,6.250000,1506400
2017-07-13,6.250000,6.300000,6.150000,6.200000,6.200000,922000
2017-07-14,6.150000,6.350000,6.100000,6.300000,6.300000,764300
2017-07-17,6.300000,6.450000,6.100000,6.150000,6.150000,903300
2017-07-18,6.150000,6.200000,6.000000,6.050000,6.050000,736800
2017-07-19,6.050000,6.200000,6.000000,6.100000,6.100000,448300
2017-07-20,6.100000,6.250000,6.050000,6.150000,6.150000,443500
2017-07-21,6.200000,6.250000,6.000000,6.150000,6.150000,717900
2017-07-24,6.150000,6.200000,5.950000,6.080000,6.080000,551500
2017-07-25,6.150000,6.350000,6.100000,6.300000,6.300000,594200
2017-07-26,6.350000,6.350000,6.150000,6.200000,6.200000,763300
2017-07-27,6.200000,6.250000,6.100000,6.200000,6.200000,490700
2017-07-28,6.200000,6.400000,6.150000,6.200000,6.200000,765500
2017-07-31,6.150000,6.300000,6.000000,6.250000,6.250000,974600
2017-08-01,6.150000,6.230000,5.750000,5.750000,5.750000,1193700
2017-08-02,5.750000,5.800000,5.500000,5.700000,5.700000,817600
2017-08-03,5.550000,7.500000,5.550000,5.650000,5.650000,2264100
2017-08-04,5.700000,5.850000,5.550000,5.750000,5.750000,829500
2017-08-07,5.700000,5.850000,5.550000,5.600000,5.600000,648100
2017-08-08,5.550000,5.700000,5.300000,5.350000,5.350000,649500
2017-08-09,5.300000,5.350000,5.200000,5.250000,5.250000,647100
2017-08-10,5.250000,5.250000,5.000000,5.050000,5.050000,541700
2017-08-11,5.050000,5.100000,4.850000,4.850000,4.850000,668800
2017-08-14,4.900000,5.100000,4.850000,4.900000,4.900000,641600
2017-08-15,4.900000,4.950000,4.550000,4.550000,4.550000,617300
2017-08-16,4.600000,4.650000,4.550000,4.550000,4.550000,482900
2017-08-17,4.550000,4.550000,4.150000,4.400000,4.400000,1045700
2017-08-18,4.350000,4.600000,4.250000,4.500000,4.500000,499200
2017-08-21,4.500000,4.550000,4.250000,4.300000,4.300000,602800
2017-08-22,4.300000,4.600000,4.250000,4.400000,4.400000,675600
2017-08-23,4.400000,4.430000,4.250000,4.250000,4.250000,476300
2017-08-24,4.250000,4.350000,4.200000,4.250000,4.250000,519500
2017-08-25,4.250000,4.350000,4.200000,4.300000,4.300000,345800
2017-08-28,4.350000,4.350000,4.200000,4.300000,4.300000,500700
2017-08-29,4.250000,4.450000,4.250000,4.350000,4.350000,443300
2017-08-30,4.350000,4.900000,4.350000,4.750000,4.750000,775300
2017-08-31,4.800000,5.100000,4.750000,5.000000,5.000000,657600
2017-09-01,5.000000,5.150000,4.900000,5.000000,5.000000,362400
2017-09-05,5.050000,5.050000,4.850000,4.950000,4.950000,335100
2017-09-06,4.950000,5.200000,4.950000,5.200000,5.200000,625700
2017-09-07,5.200000,5.330000,5.100000,5.100000,5.100000,274000
2017-09-08,5.100000,5.350000,4.950000,5.200000,5.200000,405200
2017-09-11,5.200000,5.300000,5.100000,5.150000,5.150000,305700
2017-09-12,5.150000,5.250000,5.050000,5.200000,5.200000,722200
2017-09-13,5.150000,5.480000,5.150000,5.300000,5.300000,491200
2017-09-14,5.350000,5.500000,5.300000,5.350000,5.350000,524000
2017-09-15,5.400000,5.400000,5.150000,5.200000,5.200000,666700
2017-09-18,5.250000,5.450000,5.150000,5.400000,5.400000,530100
2017-09-19,5.500000,5.500000,5.330000,5.450000,5.450000,303900
2017-09-20,5.500000,5.550000,5.350000,5.400000,5.400000,356900
2017-09-21,5.350000,5.500000,5.350000,5.450000,5.450000,324300
2017-09-22,5.450000,5.500000,5.400000,5.500000,5.500000,203100
2017-09-25,5.550000,5.750000,5.500000,5.700000,5.700000,525600
2017-09-26,5.650000,5.900000,5.650000,5.900000,5.900000,398200
2017-09-27,5.900000,6.060000,5.650000,5.800000,5.800000,1197200
2017-09-28,5.850000,5.900000,5.400000,5.550000,5.550000,676200
2017-09-29,5.500000,5.650000,5.400000,5.550000,5.550000,255600
2017-10-02,5.550000,5.750000,5.450000,5.700000,5.700000,288300
2017-10-03,5.700000,5.800000,5.630000,5.750000,5.750000,332100
2017-10-04,5.800000,5.850000,5.650000,5.680000,5.680000,194600
2017-10-05,5.750000,6.000000,5.670000,5.700000,5.700000,681900
2017-10-06,5.700000,5.750000,5.400000,5.430000,5.430000,449100
2017-10-09,5.450000,5.550000,5.300000,5.450000,5.450000,297800
2017-10-10,5.500000,5.600000,5.400000,5.500000,5.500000,351500
2017-10-11,5.550000,5.550000,5.350000,5.550000,5.550000,491700
2017-10-12,5.550000,5.550000,5.150000,5.200000,5.200000,398900
2017-10-13,5.250000,5.260000,5.100000,5.150000,5.150000,295200
2017-10-16,5.100000,5.200000,5.000000,5.200000,5.200000,550400
2017-10-17,5.150000,5.200000,4.800000,4.900000,4.900000,346600
2017-10-18,4.900000,5.050000,4.750000,4.950000,4.950000,301800
2017-10-19,4.950000,4.950000,4.800000,4.850000,4.850000,234800
2017-10-20,4.900000,5.050000,4.760000,5.000000,5.000000,263400
2017-10-23,4.950000,4.950000,4.750000,4.850000,4.850000,313400
2017-10-24,4.850000,5.000000,4.800000,4.800000,4.800000,397500
2017-10-25,4.750000,4.950000,4.700000,4.850000,4.850000,435300
2017-10-26,4.850000,4.850000,4.600000,4.650000,4.650000,409200
2017-10-27,4.600000,4.700000,4.550000,4.700000,4.700000,269300
2017-10-30,4.700000,4.900000,4.650000,4.700000,4.700000,210300
2017-10-31,4.750000,4.900000,4.700000,4.800000,4.800000,290400
2017-11-01,4.850000,4.900000,4.750000,4.850000,4.850000,177900
2017-11-02,4.850000,4.880000,4.700000,4.750000,4.750000,213600
2017-11-03,4.800000,4.800000,4.550000,4.580000,4.580000,315900
2017-11-06,4.550000,4.600000,4.400000,4.500000,4.500000,400600
2017-11-07,4.550000,4.650000,4.400000,4.450000,4.450000,707200
2017-11-08,4.750000,5.100000,4.600000,4.650000,4.650000,1078400
2017-11-09,4.700000,4.800000,4.600000,4.700000,4.700000,398100
2017-11-10,4.700000,4.760000,4.600000,4.650000,4.650000,160100
2017-11-13,4.700000,4.750000,4.500000,4.600000,4.600000,358600
2017-11-14,4.600000,4.600000,4.300000,4.400000,4.400000,208300
2017-11-15,4.400000,4.500000,4.150000,4.200000,4.200000,506500
2017-11-16,4.250000,4.400000,4.100000,4.150000,4.150000,686900
2017-11-17,4.150000,4.350000,4.100000,4.350000,4.350000,441100
2017-11-20,4.400000,4.800000,4.300000,4.700000,4.700000,776600
2017-11-21,4.750000,4.830000,4.650000,4.800000,4.800000,676100
2017-11-22,4.800000,4.800000,4.650000,4.650000,4.650000,252900
2017-11-24,4.700000,4.800000,4.650000,4.700000,4.700000,113200
2017-11-27,4.700000,4.830000,4.500000,4.500000,4.500000,300700
2017-11-28,4.600000,4.680000,4.530000,4.600000,4.600000,397400
2017-11-29,4.650000,4.800000,4.550000,4.650000,4.650000,393700
2017-11-30,4.900000,4.900000,4.450000,4.500000,4.500000,903100
2017-12-01,4.550000,4.550000,4.400000,4.500000,4.500000,165100
2017-12-04,4.550000,4.650000,4.500000,4.550000,4.550000,257900
2017-12-05,4.550000,4.600000,4.450000,4.550000,4.550000,180700
2017-12-06,4.500000,4.600000,4.300000,4.300000,4.300000,285600
2017-12-07,4.300000,4.400000,4.200000,4.350000,4.350000,446600
2017-12-08,4.400000,4.470000,4.280000,4.300000,4.300000,252000
2017-12-11,4.250000,4.400000,4.250000,4.250000,4.250000,292100
2017-12-12,4.250000,4.400000,4.250000,4.300000,4.300000,204800
2017-12-13,4.350000,4.600000,4.350000,4.550000,4.550000,289600
2017-12-14,4.550000,4.600000,4.450000,4.450000,4.450000,337100
2017-12-15,4.450000,4.530000,4.450000,4.500000,4.500000,493300
2017-12-18,4.450000,4.650000,4.400000,4.600000,4.600000,571600
2017-12-19,4.600000,4.800000,4.500000,4.700000,4.700000,385400
2017-12-20,4.750000,4.750000,4.600000,4.600000,4.600000,270000
2017-12-21,4.600000,4.700000,4.400000,4.430000,4.430000,295300
2017-12-22,4.400000,4.400000,4.300000,4.300000,4.300000,350400
2017-12-26,4.350000,4.600000,4.300000,4.550000,4.550000,394800
2017-12-27,4.500000,4.750000,4.450000,4.450000,4.450000,343600
2017-12-28,4.450000,4.650000,4.450000,4.600000,4.600000,171900
2017-12-29,4.600000,4.650000,4.430000,4.550000,4.550000,277100
2018-01-02,4.550000,4.700000,4.550000,4.600000,4.600000,148900
2018-01-03,4.600000,4.650000,4.530000,4.550000,4.550000,221500
2018-01-04,4.550000,4.690000,4.500000,4.500000,4.500000,227200
2018-01-05,4.500000,4.600000,4.400000,4.500000,4.500000,369300
2018-01-08,4.450000,4.460000,4.310000,4.400000,4.400000,404100
2018-01-09,4.400000,4.600000,4.300000,4.550000,4.550000,353700
2018-01-10,4.550000,4.650000,4.550000,4.600000,4.600000,300600
2018-01-11,4.600000,4.700000,4.500000,4.700000,4.700000,319200
2018-01-12,4.700000,4.750000,4.630000,4.700000,4.700000,261300
2018-01-16,4.750000,4.750000,4.500000,4.650000,4.650000,515700
2018-01-17,4.650000,4.700000,4.470000,4.500000,4.500000,336900
2018-01-18,4.450000,4.500000,4.400000,4.450000,4.450000,231000
2018-01-19,4.450000,4.550000,4.400000,4.550000,4.550000,212200
2018-01-22,4.500000,4.650000,4.450000,4.650000,4.650000,171700
2018-01-23,4.650000,4.650000,4.550000,4.600000,4.600000,186200
2018-01-24,4.550000,4.590000,4.380000,4.450000,4.450000,418600
2018-01-25,4.500000,4.550000,4.400000,4.450000,4.450000,230900
2018-01-26,4.450000,4.500000,4.400000,4.450000,4.450000,297200
2018-01-29,4.450000,4.450000,4.250000,4.350000,4.350000,583400
2018-01-30,4.300000,4.350000,4.250000,4.300000,4.300000,257600
2018-01-31,4.350000,4.350000,4.100000,4.200000,4.200000,479700
2018-02-01,4.150000,4.200000,4.050000,4.150000,4.150000,263000
2018-02-02,4.100000,4.250000,4.050000,4.100000,4.100000,324500
2018-02-05,4.050000,4.150000,3.800000,3.850000,3.850000,372200
2018-02-06,3.750000,3.950000,3.650000,3.650000,3.650000,399300
2018-02-07,3.700000,3.850000,3.600000,3.630000,3.630000,299100
2018-02-08,3.600000,3.800000,3.550000,3.650000,3.650000,295600
2018-02-09,3.650000,3.750000,3.550000,3.700000,3.700000,256000
2018-02-12,3.700000,3.850000,3.650000,3.800000,3.800000,305900
2018-02-13,3.750000,3.900000,3.750000,3.800000,3.800000,203100
2018-02-14,3.800000,4.000000,3.750000,3.950000,3.950000,277700
2018-02-15,3.950000,4.200000,3.950000,4.150000,4.150000,311300
2018-02-16,4.200000,4.300000,4.150000,4.250000,4.250000,341900
2018-02-20,4.250000,4.500000,4.200000,4.350000,4.350000,392800
2018-02-21,4.300000,4.450000,4.260000,4.400000,4.400000,162600
2018-02-22,4.400000,4.400000,4.200000,4.250000,4.250000,141000
2018-02-23,4.250000,4.350000,4.100000,4.250000,4.250000,259100
2018-02-26,4.250000,4.400000,4.200000,4.400000,4.400000,143000
2018-02-27,4.400000,4.400000,4.200000,4.300000,4.300000,343200
2018-02-28,4.250000,4.300000,4.000000,4.100000,4.100000,479600
2018-03-01,3.750000,3.850000,3.650000,3.750000,3.750000,851300
2018-03-02,3.750000,3.980000,3.710000,3.900000,3.900000,461900
2018-03-05,3.850000,3.950000,3.650000,3.650000,3.650000,597300
2018-03-06,3.650000,3.780000,3.500000,3.530000,3.530000,450300
2018-03-07,3.550000,3.650000,3.450000,3.450000,3.450000,340100
2018-03-08,3.500000,3.550000,3.100000,3.100000,3.100000,778400
2018-03-09,3.250000,3.350000,3.200000,3.350000,3.350000,456300
2018-03-12,3.500000,4.150000,3.500000,4.150000,4.150000,1113700
2018-03-13,4.150000,4.150000,3.650000,3.680000,3.680000,598100
2018-03-14,3.700000,3.750000,3.600000,3.630000,3.630000,373200
2018-03-15,3.600000,3.750000,3.550000,3.600000,3.600000,668500
2018-03-16,3.550000,3.700000,3.500000,3.550000,3.550000,1104900
2018-03-19,3.500000,3.550000,3.350000,3.400000,3.400000,449200
2018-03-20,3.450000,3.500000,3.350000,3.380000,3.380000,469000
2018-03-21,3.350000,3.650000,3.350000,3.550000,3.550000,442900
2018-03-22,3.500000,3.500000,3.280000,3.300000,3.300000,434500
2018-03-23,3.350000,3.500000,3.260000,3.400000,3.400000,414200
2018-03-26,3.450000,3.500000,3.050000,3.200000,3.200000,678600
2018-03-27,3.150000,3.250000,3.100000,3.100000,3.100000,471300
2018-03-28,3.150000,3.250000,2.750000,2.830000,2.830000,1206300
2018-03-29,2.900000,3.050000,2.800000,3.000000,3.000000,576500
2018-04-02,3.050000,3.050000,2.880000,3.000000,3.000000,683200
2018-04-03,3.000000,3.000000,2.810000,2.950000,2.950000,502900
2018-04-04,2.900000,3.000000,2.900000,2.950000,2.950000,214700
2018-04-05,3.050000,3.150000,2.950000,3.100000,3.100000,504800
2018-04-06,3.050000,3.150000,2.900000,2.950000,2.950000,673000
2018-04-09,2.950000,3.000000,2.800000,3.000000,3.000000,315400
2018-04-10,3.000000,3.050000,2.930000,3.050000,3.050000,348600
2018-04-11,3.050000,3.130000,2.950000,3.050000,3.050000,421800
2018-04-12,3.050000,3.450000,3.050000,3.400000,3.400000,735000
2018-04-13,3.400000,3.440000,3.280000,3.300000,3.300000,276400
2018-04-16,3.350000,3.400000,3.200000,3.400000,3.400000,249400
2018-04-17,3.400000,3.400000,3.230000,3.250000,3.250000,255900
2018-04-18,3.300000,3.950000,3.200000,3.900000,3.900000,1154400
2018-04-19,3.850000,3.900000,3.500000,3.600000,3.600000,678600
2018-04-20,3.550000,3.650000,3.400000,3.430000,3.430000,364900
2018-04-23,3.400000,3.450000,3.250000,3.300000,3.300000,254100
2018-04-24,3.300000,3.600000,3.250000,3.500000,3.500000,438400
2018-04-25,3.500000,3.550000,3.380000,3.450000,3.450000,333500
2018-04-26,3.450000,3.550000,3.420000,3.550000,3.550000,294700
2018-04-27,3.550000,3.550000,3.450000,3.450000,3.450000,490100
2018-04-30,3.450000,3.600000,3.350000,3.500000,3.500000,348400
2018-05-01,3.450000,3.450000,3.300000,3.350000,3.350000,236800
2018-05-02,3.350000,3.530000,3.350000,3.350000,3.350000,243700
2018-05-03,3.300000,3.400000,3.100000,3.130000,3.130000,491600
2018-05-04,3.100000,3.150000,3.100000,3.130000,3.130000,208200
2018-05-07,3.150000,3.300000,3.150000,3.250000,3.250000,531800
2018-05-08,3.200000,3.250000,3.100000,3.150000,3.150000,309800
2018-05-09,3.200000,3.600000,3.200000,3.400000,3.400000,687800
2018-05-10,3.450000,3.600000,3.200000,3.250000,3.250000,547400
2018-05-11,3.250000,3.450000,3.220000,3.350000,3.350000,275600
2018-05-14,3.350000,3.450000,3.330000,3.400000,3.400000,279500
2018-05-15,3.450000,3.500000,3.350000,3.450000,3.450000,312000
2018-05-16,3.450000,3.600000,3.400000,3.580000,3.580000,369400
2018-05-17,3.600000,3.780000,3.500000,3.550000,3.550000,613800
2018-05-18,3.600000,3.650000,3.400000,3.550000,3.550000,502300
2018-05-21,3.550000,3.730000,3.550000,3.700000,3.700000,448400
2018-05-22,3.700000,3.750000,3.500000,3.500000,3.500000,380200
2018-05-23,3.450000,3.550000,3.350000,3.500000,3.500000,468000
2018-05-24,3.500000,3.500000,3.430000,3.500000,3.500000,255200
2018-05-25,3.450000,3.480000,3.350000,3.450000,3.450000,229700
2018-05-29,3.400000,3.500000,3.350000,3.400000,3.400000,250500
2018-05-30,3.400000,3.550000,3.350000,3.400000,3.400000,377100
2018-05-31,3.400000,3.450000,3.300000,3.350000,3.350000,299400
2018-06-01,3.350000,3.350000,3.100000,3.250000,3.250000,553000
2018-06-04,3.250000,3.400000,3.200000,3.200000,3.200000,272500
2018-06-05,3.200000,3.250000,3.150000,3.230000,3.230000,168700
2018-06-06,3.250000,3.300000,3.100000,3.150000,3.150000,313900
2018-06-07,3.150000,3.150000,3.100000,3.100000,3.100000,201500
2018-06-08,3.100000,3.100000,3.000000,3.000000,3.000000,220200
2018-06-11,3.000000,3.100000,2.900000,2.900000,2.900000,586500
2018-06-12,2.900000,3.050000,2.800000,3.000000,3.000000,1191300
2018-06-13,3.050000,3.050000,2.830000,2.900000,2.900000,1027000
2018-06-14,2.900000,3.100000,2.900000,3.080000,3.080000,1099200
2018-06-15,3.050000,3.100000,2.900000,2.900000,2.900000,392000
2018-06-18,2.950000,2.950000,2.850000,2.880000,2.880000,457100
2018-06-19,2.850000,3.000000,2.800000,2.800000,2.800000,611800
2018-06-20,2.850000,2.900000,2.650000,2.650000,2.650000,1077500
2018-06-21,2.650000,2.750000,2.500000,2.550000,2.550000,1395300
2018-06-22,2.600000,2.700000,2.400000,2.450000,2.450000,7671400
2018-06-25,2.450000,2.700000,2.450000,2.650000,2.650000,1150900
2018-06-26,2.650000,2.900000,2.600000,2.700000,2.700000,632600
2018-06-27,2.700000,2.850000,2.500000,2.550000,2.550000,753600
2018-06-28,2.550000,2.650000,2.400000,2.450000,2.450000,619100
2018-06-29,2.500000,2.600000,2.500000,2.600000,2.600000,311900
2018-07-02,2.600000,2.600000,2.450000,2.500000,2.500000,203800
2018-07-03,2.500000,2.550000,2.400000,2.450000,2.450000,157800
2018-07-05,2.450000,2.550000,2.300000,2.550000,2.550000,585600
2018-07-06,2.550000,2.750000,2.500000,2.600000,2.600000,390800
2018-07-09,2.600000,2.650000,2.550000,2.600000,2.600000,319100
2018-07-10,2.650000,2.700000,2.550000,2.600000,2.600000,392700
2018-07-11,2.600000,2.600000,2.350000,2.500000,2.500000,743200
2018-07-12,2.450000,2.530000,2.450000,2.480000,2.480000,194200
2018-07-13,2.500000,2.500000,2.450000,2.450000,2.450000,194100
2018-07-16,2.450000,2.550000,2.450000,2.500000,2.500000,273000
2018-07-17,2.450000,2.500000,2.400000,2.400000,2.400000,237300
2018-07-18,2.400000,2.850000,2.400000,2.800000,2.800000,930900
2018-07-19,2.800000,3.000000,2.730000,2.950000,2.950000,770900
2018-07-20,3.000000,3.000000,2.750000,2.900000,2.900000,229700
2018-07-23,2.850000,2.850000,2.700000,2.800000,2.800000,196400
2018-07-24,2.800000,2.850000,2.700000,2.850000,2.850000,210000
2018-07-25,2.850000,2.850000,2.550000,2.650000,2.650000,357900
2018-07-26,2.750000,2.900000,2.700000,2.900000,2.900000,351500
2018-07-27,2.900000,2.950000,2.850000,2.900000,2.900000,235000
2018-07-30,2.900000,2.950000,2.810000,2.900000,2.900000,157400
2018-07-31,2.900000,2.950000,2.850000,2.930000,2.930000,189000
2018-08-01,2.900000,2.950000,2.780000,2.850000,2.850000,238000
2018-08-02,2.900000,2.900000,2.800000,2.850000,2.850000,82200
2018-08-03,2.800000,2.850000,2.750000,2.750000,2.750000,103700
2018-08-06,2.750000,2.750000,2.680000,2.750000,2.750000,102800
2018-08-07,2.700000,2.800000,2.650000,2.650000,2.650000,209700
2018-08-08,2.650000,2.800000,2.650000,2.650000,2.650000,413200
2018-08-09,2.500000,2.550000,2.300000,2.350000,2.350000,667700
2018-08-10,2.400000,2.400000,2.350000,2.350000,2.350000,259500
2018-08-13,2.350000,2.350000,2.000000,2.100000,2.100000,1623100
2018-08-14,2.150000,2.400000,2.100000,2.350000,2.350000,797000
2018-08-15,2.350000,2.400000,2.100000,2.150000,2.150000,565900
2018-08-16,2.200000,2.250000,2.100000,2.100000,2.100000,223200
2018-08-17,2.050000,2.100000,1.980000,2.050000,2.050000,297300
2018-08-20,2.000000,2.050000,1.900000,1.900000,1.900000,430900
2018-08-21,1.950000,2.000000,1.900000,1.950000,1.950000,348000
2018-08-22,1.950000,1.950000,1.700000,1.780000,1.780000,727000
2018-08-23,1.800000,1.950000,1.780000,1.950000,1.950000,841100
2018-08-24,1.950000,2.050000,1.900000,1.950000,1.950000,295400
2018-08-27,1.950000,2.030000,1.900000,1.900000,1.900000,269200
2018-08-28,1.900000,1.950000,1.850000,1.850000,1.850000,142700
2018-08-29,1.900000,1.900000,1.780000,1.830000,1.830000,283300
2018-08-30,1.800000,1.900000,1.750000,1.800000,1.800000,146200
2018-08-31,1.750000,1.900000,1.750000,1.850000,1.850000,254200
2018-09-04,1.850000,1.900000,1.800000,1.850000,1.850000,136400
2018-09-05,1.850000,1.900000,1.850000,1.850000,1.850000,206500
2018-09-06,1.850000,1.900000,1.800000,1.830000,1.830000,129400
2018-09-07,1.800000,1.850000,1.800000,1.850000,1.850000,81700
2018-09-10,1.800000,1.850000,1.750000,1.750000,1.750000,384600
2018-09-11,1.750000,1.800000,1.550000,1.600000,1.600000,466300
2018-09-12,1.600000,1.650000,1.600000,1.600000,1.600000,289800
2018-09-13,1.600000,1.700000,1.550000,1.600000,1.600000,251500
2018-09-14,1.600000,1.700000,1.550000,1.550000,1.550000,292300
2018-09-17,1.550000,1.650000,1.550000,1.600000,1.600000,251400
2018-09-18,1.600000,1.750000,1.600000,1.700000,1.700000,303100
2018-09-19,1.700000,1.750000,1.650000,1.650000,1.650000,117000
2018-09-20,1.700000,1.950000,1.650000,1.950000,1.950000,533800
2018-09-21,1.950000,2.000000,1.800000,1.800000,1.800000,497600
2018-09-24,1.850000,2.100000,1.800000,2.000000,2.000000,1007100
2018-09-25,2.000000,2.150000,1.900000,1.950000,1.950000,557200
2018-09-26,1.950000,2.050000,1.950000,1.950000,1.950000,250400
2018-09-27,1.950000,2.050000,1.950000,1.950000,1.950000,177500
2018-09-28,1.950000,2.000000,1.900000,1.900000,1.900000,209000
2018-10-01,1.900000,1.940000,1.800000,1.870000,1.870000,253300
2018-10-02,1.850000,2.090000,1.800000,2.070000,2.070000,386200
2018-10-03,2.150000,2.300000,2.110000,2.160000,2.160000,480100
2018-10-04,2.180000,2.200000,1.890000,1.920000,1.920000,224600
2018-10-05,2.010000,2.030000,1.860000,1.880000,1.880000,506800
2018-10-08,1.940000,2.890000,1.940000,2.690000,2.690000,7372400
2018-10-09,3.010000,3.240000,2.400000,2.910000,2.910000,19560800
2018-10-10,2.940000,2.940000,2.320000,2.360000,2.360000,3715300
2018-10-11,2.560000,2.780000,2.340000,2.410000,2.410000,3114100
2018-10-12,2.500000,2.520000,2.140000,2.280000,2.280000,1951200
2018-10-15,2.310000,2.370000,2.070000,2.110000,2.110000,914400
2018-10-16,2.100000,2.210000,2.020000,2.090000,2.090000,642200
2018-10-17,2.090000,2.300000,2.060000,2.170000,2.170000,806300
2018-10-18,2.140000,2.280000,2.060000,2.140000,2.140000,682900
2018-10-19,2.140000,2.150000,1.880000,2.080000,2.080000,1182200
2018-10-22,2.050000,2.060000,1.850000,1.850000,1.850000,567400
2018-10-23,1.810000,1.870000,1.700000,1.810000,1.810000,529900
2018-10-24,1.810000,1.850000,1.710000,1.750000,1.750000,470600
2018-10-25,1.750000,1.750000,1.500000,1.600000,1.600000,992600
2018-10-26,1.600000,1.660000,1.500000,1.520000,1.520000,848200
2018-10-29,1.540000,1.590000,1.400000,1.420000,1.420000,719800
2018-10-30,1.450000,1.660000,1.380000,1.660000,1.660000,677800
2018-10-31,1.650000,1.730000,1.600000,1.640000,1.640000,669400
2018-11-01,1.410000,1.900000,1.400000,1.730000,1.730000,967000
2018-11-02,1.740000,1.880000,1.740000,1.820000,1.820000,395400
2018-11-05,1.850000,1.850000,1.720000,1.780000,1.780000,309200
2018-11-06,1.790000,1.840000,1.760000,1.810000,1.810000,133600
2018-11-07,1.820000,1.840000,1.700000,1.740000,1.740000,557900
2018-11-08,1.720000,1.810000,1.710000,1.770000,1.770000,262600
2018-11-09,1.750000,1.800000,1.700000,1.740000,1.740000,160100
2018-11-12,1.740000,1.740000,1.600000,1.620000,1.620000,247100
2018-11-13,1.620000,1.700000,1.580000,1.650000,1.650000,261600
2018-11-14,1.650000,1.670000,1.580000,1.610000,1.610000,219000
2018-11-15,1.630000,1.650000,1.520000,1.600000,1.600000,258600
2018-11-16,1.600000,1.630000,1.520000,1.580000,1.580000,181300
2018-11-19,1.580000,1.600000,1.530000,1.600000,1.600000,107600
2018-11-20,1.570000,1.600000,1.480000,1.490000,1.490000,412500
2018-11-21,1.500000,1.560000,1.490000,1.500000,1.500000,159900
2018-11-23,1.460000,1.510000,1.460000,1.470000,1.470000,65200
2018-11-26,1.510000,1.580000,1.510000,1.550000,1.550000,155400
2018-11-27,1.550000,1.650000,1.520000,1.590000,1.590000,210700
2018-11-28,1.600000,1.640000,1.540000,1.590000,1.590000,325000
2018-11-29,1.610000,1.640000,1.560000,1.580000,1.580000,222300
2018-11-30,1.580000,1.580000,1.490000,1.500000,1.500000,263900
2018-12-03,1.550000,1.620000,1.490000,1.540000,1.540000,549900
2018-12-04,1.540000,1.700000,1.530000,1.620000,1.620000,327600
2018-12-06,1.530000,1.600000,1.500000,1.540000,1.540000,209200
2018-12-07,1.580000,1.600000,1.540000,1.550000,1.550000,75600
2018-12-10,1.550000,1.550000,1.470000,1.480000,1.480000,236800
2018-12-11,1.500000,1.580000,1.360000,1.410000,1.410000,403600
2018-12-12,1.440000,1.590000,1.430000,1.580000,1.580000,384700
2018-12-13,1.570000,1.580000,1.430000,1.440000,1.440000,446500
2018-12-14,1.450000,1.470000,1.360000,1.400000,1.400000,414600
2018-12-17,1.400000,1.450000,1.280000,1.340000,1.340000,446900
2018-12-18,1.340000,1.360000,1.200000,1.220000,1.220000,935300
2018-12-19,1.230000,1.250000,1.000000,1.080000,1.080000,679400
2018-12-20,1.070000,1.080000,0.900000,0.960000,0.960000,904900
2018-12-21,0.940000,0.990000,0.900000,0.930000,0.930000,510700
2018-12-24,1.030000,1.030000,0.900000,0.900000,0.900000,297400
2018-12-26,0.990000,0.990000,0.790000,0.870000,0.870000,702200
2018-12-27,0.850000,0.890000,0.810000,0.860000,0.860000,365500
2018-12-28,0.840000,0.880000,0.790000,0.810000,0.810000,553500
2018-12-31,0.810000,0.900000,0.760000,0.860000,0.860000,1870500
2019-01-02,0.960000,1.110000,0.850000,1.090000,1.090000,832200
2019-01-03,1.080000,1.080000,0.990000,1.000000,1.000000,560800
2019-01-04,0.990000,1.200000,0.980000,1.120000,1.120000,981500
2019-01-07,1.130000,1.170000,1.080000,1.140000,1.140000,325100
2019-01-08,1.170000,1.240000,1.150000,1.180000,1.180000,238700
2019-01-09,1.190000,1.270000,1.180000,1.250000,1.250000,267800
2019-01-10,1.260000,1.260000,1.170000,1.190000,1.190000,297600
2019-01-11,1.170000,1.300000,1.100000,1.170000,1.170000,829900
2019-01-14,1.170000,1.190000,1.100000,1.130000,1.130000,231100
2019-01-15,1.130000,1.150000,1.100000,1.130000,1.130000,118600
2019-01-16,1.130000,1.180000,1.050000,1.050000,1.050000,192700
2019-01-17,1.040000,1.110000,1.040000,1.080000,1.080000,133300
2019-01-18,1.100000,1.150000,1.070000,1.130000,1.130000,360300
2019-01-22,1.140000,1.300000,1.110000,1.220000,1.220000,536800
2019-01-23,1.210000,1.250000,1.160000,1.190000,1.190000,118000
2019-01-24,1.200000,1.290000,1.200000,1.230000,1.230000,147400
2019-01-25,1.250000,1.350000,1.240000,1.340000,1.340000,326300
2019-01-28,1.340000,1.670000,1.340000,1.490000,1.490000,786700
2019-01-29,1.500000,1.570000,1.370000,1.400000,1.400000,290300
2019-01-30,1.400000,1.480000,1.350000,1.360000,1.360000,384700
2019-01-31,1.370000,1.400000,1.230000,1.280000,1.280000,373100
2019-02-01,1.310000,1.350000,1.280000,1.320000,1.320000,269400
2019-02-04,1.300000,1.320000,1.270000,1.280000,1.280000,101700
2019-02-05,1.270000,1.310000,1.250000,1.250000,1.250000,573300
2019-02-06,1.250000,1.280000,1.220000,1.220000,1.220000,149500
2019-02-07,1.210000,1.240000,1.060000,1.180000,1.180000,238300
2019-02-08,1.190000,1.220000,1.130000,1.140000,1.140000,151900
2019-02-11,1.110000,1.180000,1.110000,1.140000,1.140000,195700
2019-02-12,1.130000,1.170000,1.110000,1.110000,1.110000,187100
2019-02-13,1.110000,1.220000,1.110000,1.180000,1.180000,411200
2019-02-14,1.180000,1.190000,1.120000,1.120000,1.120000,261100
2019-02-15,1.140000,1.210000,1.130000,1.140000,1.140000,233900
2019-02-19,1.140000,1.160000,1.120000,1.150000,1.150000,267900
2019-02-20,1.150000,1.230000,1.150000,1.180000,1.180000,247200
2019-02-21,1.170000,1.230000,1.160000,1.170000,1.170000,170200
2019-02-22,1.170000,1.210000,1.150000,1.200000,1.200000,254100
2019-02-25,1.200000,1.220000,1.180000,1.190000,1.190000,369000
2019-02-26,1.190000,1.200000,1.160000,1.160000,1.160000,166600
2019-02-27,1.160000,1.190000,1.150000,1.150000,1.150000,166700
2019-02-28,1.150000,1.190000,1.150000,1.160000,1.160000,429000
2019-03-01,1.160000,1.190000,1.110000,1.110000,1.110000,268500
2019-03-04,1.140000,1.180000,1.130000,1.160000,1.160000,546700
2019-03-05,1.150000,1.170000,1.140000,1.150000,1.150000,349600
2019-03-06,1.160000,1.160000,1.140000,1.140000,1.140000,815500
2019-03-07,1.140000,1.240000,1.100000,1.210000,1.210000,340300
2019-03-08,1.200000,1.430000,1.160000,1.420000,1.420000,955900
2019-03-11,1.400000,1.440000,1.250000,1.280000,1.280000,479500
2019-03-12,1.270000,1.390000,1.270000,1.340000,1.340000,419300
2019-03-13,1.260000,1.350000,1.110000,1.190000,1.190000,1372200
2019-03-14,1.160000,1.180000,1.110000,1.120000,1.120000,1282800
2019-03-15,1.120000,1.150000,1.090000,1.140000,1.140000,934400
2019-03-18,1.150000,1.230000,1.120000,1.180000,1.180000,656200
2019-03-19,1.190000,1.230000,1.160000,1.200000,1.200000,293200
2019-03-20,1.190000,1.220000,1.150000,1.170000,1.170000,396700
2019-03-21,1.130000,1.180000,1.090000,1.120000,1.120000,845600
2019-03-22,1.100000,1.120000,1.020000,1.050000,1.050000,792400
2019-03-25,1.050000,1.070000,0.980000,1.020000,1.020000,722700
2019-03-26,1.040000,1.060000,1.000000,1.040000,1.040000,226600
2019-03-27,1.030000,1.060000,1.000000,1.010000,1.010000,320700
2019-03-28,1.020000,1.030000,0.960000,0.990000,0.990000,546900
2019-03-29,0.990000,1.010000,0.960000,0.980000,0.980000,227900
2019-04-01,0.980000,1.000000,0.910000,0.950000,0.950000,379800
2019-04-02,0.950000,1.020000,0.950000,1.010000,1.010000,230700
2019-04-03,1.010000,1.060000,1.000000,1.030000,1.030000,194900
2019-04-04,1.040000,1.130000,1.030000,1.110000,1.110000,415900
2019-04-05,1.100000,1.120000,1.010000,1.090000,1.090000,951900
2019-04-08,1.100000,1.170000,1.090000,1.150000,1.150000,215100
2019-04-09,1.150000,1.200000,1.130000,1.150000,1.150000,221100
2019-04-10,1.150000,1.180000,1.100000,1.150000,1.150000,142900
2019-04-11,1.160000,1.190000,1.120000,1.150000,1.150000,263000
2019-04-12,1.160000,1.180000,1.140000,1.170000,1.170000,179700
2019-04-15,1.170000,1.170000,1.060000,1.110000,1.110000,472800
2019-04-16,1.110000,1.120000,1.060000,1.080000,1.080000,83000
2019-04-17,1.060000,1.100000,1.030000,1.040000,1.040000,256000
2019-04-18,1.040000,1.090000,1.030000,1.030000,1.030000,137100
2019-04-22,1.040000,1.140000,1.030000,1.120000,1.120000,280500
2019-04-23,1.110000,1.130000,1.100000,1.100000,1.100000,173300
2019-04-24,1.100000,1.140000,1.070000,1.090000,1.090000,492300
2019-04-25,1.070000,1.110000,1.040000,1.060000,1.060000,121200
2019-04-26,1.060000,1.160000,1.050000,1.150000,1.150000,445600
2019-04-29,1.170000,1.180000,1.110000,1.150000,1.150000,289300
2019-04-30,1.150000,1.170000,1.080000,1.090000,1.090000,228600
2019-05-01,1.090000,1.140000,1.040000,1.080000,1.080000,473200
2019-05-02,1.040000,1.100000,1.000000,1.040000,1.040000,559500
2019-05-03,1.020000,1.100000,1.020000,1.050000,1.050000,575500
2019-05-06,1.050000,1.120000,1.020000,1.100000,1.100000,393800
2019-05-07,1.080000,1.190000,1.070000,1.150000,1.150000,914000
2019-05-08,1.150000,1.250000,1.110000,1.250000,1.250000,857200
2019-05-09,1.250000,1.310000,1.180000,1.250000,1.250000,445700
2019-05-10,1.260000,1.260000,1.160000,1.240000,1.240000,394600
2019-05-13,1.230000,1.240000,1.110000,1.110000,1.110000,403900
2019-05-14,1.120000,1.140000,1.080000,1.100000,1.100000,258600
2019-05-15,1.110000,1.200000,1.100000,1.170000,1.170000,144600
2019-05-16,1.170000,1.200000,1.140000,1.160000,1.160000,111300
2019-05-17,1.170000,1.170000,1.050000,1.090000,1.090000,401700
2019-05-20,1.100000,1.100000,1.060000,1.080000,1.080000,135600
2019-05-21,1.100000,1.190000,1.070000,1.100000,1.100000,292100
2019-05-22,1.090000,1.140000,1.050000,1.050000,1.050000,306800
2019-05-23,1.050000,1.050000,0.970000,0.990000,0.990000,560200
2019-05-24,1.010000,1.040000,0.990000,1.030000,1.030000,138400
2019-05-28,1.000000,1.150000,1.000000,1.110000,1.110000,420000
2019-05-29,1.100000,1.130000,1.060000,1.070000,1.070000,210800
2019-05-30,1.080000,1.110000,1.000000,1.040000,1.040000,311700
2019-05-31,1.020000,1.030000,0.970000,0.970000,0.970000,607300
2019-06-03,0.970000,1.040000,0.960000,1.010000,1.010000,254000
2019-06-04,1.010000,1.020000,0.980000,1.010000,1.010000,255100
2019-06-05,1.010000,1.010000,0.900000,0.930000,0.930000,506400
2019-06-06,0.950000,0.990000,0.930000,0.930000,0.930000,176700
2019-06-07,0.940000,0.960000,0.830000,0.870000,0.870000,472600
2019-06-10,0.810000,0.870000,0.810000,0.850000,0.850000,343100
2019-06-11,0.840000,0.880000,0.800000,0.830000,0.830000,425100
2019-06-12,0.820000,0.830000,0.800000,0.810000,0.810000,246400
2019-06-13,0.830000,0.890000,0.820000,0.890000,0.890000,363700
2019-06-14,0.900000,0.910000,0.830000,0.840000,0.840000,257200
2019-06-17,0.860000,0.860000,0.800000,0.810000,0.810000,229000
2019-06-18,0.870000,0.890000,0.840000,0.880000,0.880000,391100
2019-06-19,0.860000,0.880000,0.810000,0.840000,0.840000,318600
2019-06-20,0.840000,0.880000,0.840000,0.850000,0.850000,109100
2019-06-21,0.850000,0.870000,0.810000,0.830000,0.830000,149600
2019-06-24,0.860000,0.860000,0.810000,0.810000,0.810000,147500
2019-06-25,0.820000,0.840000,0.780000,0.780000,0.780000,230000
2019-06-26,0.800000,0.810000,0.770000,0.790000,0.790000,256500
2019-06-27,0.790000,0.850000,0.750000,0.760000,0.760000,400500
2019-06-28,0.760000,0.810000,0.750000,0.770000,0.770000,272300
2019-07-01,0.770000,0.810000,0.750000,0.750000,0.750000,129200
2019-07-02,0.750000,0.780000,0.750000,0.780000,0.780000,64100
2019-07-03,0.770000,0.780000,0.760000,0.760000,0.760000,54800
2019-07-05,0.760000,0.790000,0.750000,0.780000,0.780000,123600
2019-07-08,0.800000,0.850000,0.680000,0.770000,0.770000,1965900
2019-07-09,0.770000,0.770000,0.760000,0.760000,0.760000,171400
2019-07-10,0.760000,0.760000,0.710000,0.710000,0.710000,346200
2019-07-11,0.730000,0.730000,0.690000,0.690000,0.690000,280100
2019-07-12,0.710000,0.710000,0.670000,0.670000,0.670000,223100
2019-07-15,0.690000,0.690000,0.670000,0.680000,0.680000,160800
2019-07-16,0.690000,0.710000,0.680000,0.700000,0.700000,268900
2019-07-17,0.700000,0.710000,0.650000,0.660000,0.660000,281400
2019-07-18,0.660000,0.680000,0.630000,0.660000,0.660000,286100
2019-07-19,0.680000,0.690000,0.630000,0.640000,0.640000,141600
2019-07-22,0.650000,0.660000,0.620000,0.640000,0.640000,375300
2019-07-23,0.640000,0.650000,0.620000,0.630000,0.630000,124700
2019-07-24,0.640000,0.640000,0.590000,0.620000,0.620000,166200
2019-07-25,0.630000,0.640000,0.590000,0.600000,0.600000,118900
2019-07-26,0.600000,0.630000,0.570000,0.580000,0.580000,188300
2019-07-29,0.570000,0.580000,0.510000,0.540000,0.540000,532100
2019-07-30,0.550000,0.550000,0.530000,0.540000,0.540000,159700
2019-07-31,0.540000,0.560000,0.540000,0.540000,0.540000,444400
2019-08-01,0.570000,0.640000,0.550000,0.590000,0.590000,929200
2019-08-02,0.600000,0.690000,0.590000,0.670000,0.670000,787400
2019-08-05,0.650000,0.700000,0.650000,0.700000,0.700000,440500
2019-08-06,0.700000,0.720000,0.610000,0.630000,0.630000,297400
2019-08-07,0.620000,0.650000,0.570000,0.600000,0.600000,326600
2019-08-08,0.610000,0.620000,0.570000,0.590000,0.590000,159500
2019-08-09,0.600000,0.600000,0.550000,0.560000,0.560000,224100
2019-08-12,0.550000,0.580000,0.520000,0.560000,0.560000,276000
2019-08-13,0.560000,0.600000,0.560000,0.570000,0.570000,157300
2019-08-14,0.560000,0.600000,0.530000,0.540000,0.540000,153500
2019-08-15,0.550000,0.550000,0.520000,0.540000,0.540000,164600
2019-08-16,0.570000,0.570000,0.520000,0.550000,0.550000,182500
2019-08-19,0.540000,0.590000,0.510000,0.540000,0.540000,165700
2019-08-20,0.540000,0.570000,0.500000,0.550000,0.550000,804100
2019-08-21,0.560000,0.560000,0.520000,0.540000,0.540000,153300
2019-08-22,0.540000,0.600000,0.530000,0.570000,0.570000,930800
2019-08-23,0.590000,0.590000,0.540000,0.550000,0.550000,641300
2019-08-26,0.590000,0.620000,0.540000,0.550000,0.550000,903300
2019-08-27,0.580000,0.610000,0.520000,0.530000,0.530000,637200
2019-08-28,0.530000,0.570000,0.520000,0.530000,0.530000,624600
2019-08-29,0.560000,0.680000,0.560000,0.630000,0.630000,2370700
2019-08-30,0.660000,0.680000,0.600000,0.650000,0.650000,537300
2019-09-03,0.670000,0.680000,0.630000,0.650000,0.650000,326800
2019-09-04,0.650000,0.700000,0.650000,0.670000,0.670000,660500
2019-09-05,0.670000,0.750000,0.670000,0.720000,0.720000,1119400
2019-09-06,1.000000,1.000000,0.760000,0.780000,0.780000,2109200
2019-09-09,0.800000,0.830000,0.780000,0.830000,0.830000,793800
2019-09-10,0.840000,0.850000,0.780000,0.810000,0.810000,761600
2019-09-11,0.820000,0.870000,0.790000,0.800000,0.800000,821400
2019-09-12,0.800000,0.830000,0.700000,0.760000,0.760000,1120400
2019-09-13,0.700000,0.790000,0.700000,0.790000,0.790000,483300
2019-09-16,0.870000,0.880000,0.750000,0.780000,0.780000,414700
2019-09-17,0.800000,0.800000,0.730000,0.750000,0.750000,243100
2019-09-18,0.740000,0.760000,0.690000,0.700000,0.700000,551000
2019-09-19,0.750000,0.750000,0.680000,0.710000,0.710000,284900
2019-09-20,0.690000,0.700000,0.640000,0.660000,0.660000,513600
2019-09-23,0.620000,0.670000,0.620000,0.650000,0.650000,203600
2019-09-24,0.650000,0.680000,0.610000,0.620000,0.620000,279800
2019-09-25,0.610000,0.650000,0.580000,0.590000,0.590000,322200
2019-09-26,0.590000,0.620000,0.550000,0.560000,0.560000,353000
2019-09-27,0.560000,0.580000,0.550000,0.550000,0.550000,259800
2019-09-30,0.560000,0.600000,0.560000,0.560000,0.560000,174000
2019-10-01,0.580000,0.620000,0.550000,0.590000,0.590000,784500
2019-10-02,0.580000,0.600000,0.550000,0.590000,0.590000,486900
2019-10-03,0.590000,0.630000,0.550000,0.630000,0.630000,758400
2019-10-04,0.620000,0.640000,0.570000,0.600000,0.600000,430200
2019-10-07,0.630000,0.650000,0.600000,0.610000,0.610000,541500
2019-10-08,0.620000,0.630000,0.550000,0.580000,0.580000,639500
2019-10-09,0.560000,0.600000,0.550000,0.550000,0.550000,359300
2019-10-10,0.550000,0.590000,0.540000,0.550000,0.550000,269600
2019-10-11,0.550000,0.600000,0.550000,0.590000,0.590000,343100
2019-10-14,0.600000,0.600000,0.560000,0.580000,0.580000,206300
2019-10-15,0.580000,0.600000,0.570000,0.580000,0.580000,269700
2019-10-16,0.570000,0.590000,0.570000,0.580000,0.580000,125000
2019-10-17,0.600000,0.620000,0.540000,0.550000,0.550000,392500
2019-10-18,0.580000,0.580000,0.540000,0.560000,0.560000,200300
2019-10-21,0.560000,0.570000,0.540000,0.540000,0.540000,157000
2019-10-22,0.540000,0.600000,0.540000,0.580000,0.580000,395400
2019-10-23,0.600000,0.600000,0.560000,0.570000,0.570000,284200
2019-10-24,0.570000,0.590000,0.540000,0.560000,0.560000,180900
2019-10-25,0.570000,0.590000,0.550000,0.580000,0.580000,110300
2019-10-28,0.570000,0.590000,0.560000,0.590000,0.590000,122600
2019-10-29,0.590000,0.590000,0.560000,0.560000,0.560000,203900
2019-10-30,0.570000,0.570000,0.560000,0.570000,0.570000,47500
2019-10-31,0.570000,0.580000,0.510000,0.550000,0.550000,391100
2019-11-01,0.540000,0.560000,0.530000,0.550000,0.550000,143300
2019-11-04,0.550000,0.580000,0.550000,0.570000,0.570000,243000
2019-11-05,0.570000,0.620000,0.550000,0.580000,0.580000,386000
2019-11-06,0.580000,0.590000,0.550000,0.580000,0.580000,340400
2019-11-07,0.590000,0.620000,0.550000,0.610000,0.610000,322200
2019-11-08,0.600000,0.600000,0.540000,0.560000,0.560000,372700
2019-11-11,0.560000,0.570000,0.520000,0.530000,0.530000,259600
2019-11-12,0.530000,0.550000,0.390000,0.490000,0.490000,1739100
2019-11-13,0.510000,0.520000,0.490000,0.500000,0.500000,234200
2019-11-14,0.500000,0.510000,0.420000,0.470000,0.470000,313600
2019-11-15,0.460000,0.550000,0.460000,0.500000,0.500000,387300
2019-11-18,0.500000,0.530000,0.490000,0.530000,0.530000,230900
2019-11-19,0.540000,0.540000,0.500000,0.530000,0.530000,234000
2019-11-20,0.500000,0.530000,0.490000,0.490000,0.490000,187500
2019-11-21,0.490000,0.510000,0.460000,0.480000,0.480000,215800
2019-11-22,0.500000,0.500000,0.460000,0.460000,0.460000,145300
2019-11-25,0.450000,0.490000,0.450000,0.490000,0.490000,325000
2019-11-26,0.490000,0.490000,0.470000,0.480000,0.480000,81500
2019-11-27,0.480000,0.500000,0.460000,0.470000,0.470000,93000
2019-11-29,0.450000,0.490000,0.450000,0.480000,0.480000,49200
2019-12-02,0.490000,0.520000,0.490000,0.510000,0.510000,132300
2019-12-03,0.520000,0.530000,0.500000,0.530000,0.530000,132400
2019-12-04,0.510000,0.540000,0.500000,0.500000,0.500000,238500
2019-12-05,0.490000,0.520000,0.480000,0.480000,0.480000,79600
2019-12-06,0.480000,0.500000,0.470000,0.470000,0.470000,126000
2019-12-09,0.480000,0.490000,0.470000,0.490000,0.490000,121000
2019-12-10,0.480000,0.490000,0.460000,0.470000,0.470000,200300
2019-12-11,0.460000,0.490000,0.450000,0.460000,0.460000,160000
2019-12-12,0.460000,0.490000,0.460000,0.490000,0.490000,203800
2019-12-13,0.490000,0.490000,0.470000,0.480000,0.480000,82000
2019-12-16,0.480000,0.490000,0.470000,0.480000,0.480000,58000
2019-12-17,0.550000,0.630000,0.500000,0.630000,0.630000,1543800
2019-12-18,0.650000,0.690000,0.590000,0.630000,0.630000,798600
2019-12-19,0.620000,0.700000,0.620000,0.690000,0.690000,770000
2019-12-20,0.670000,0.730000,0.660000,0.690000,0.690000,527900
2019-12-23,0.680000,0.850000,0.680000,0.840000,0.840000,960400
2019-12-24,0.850000,0.900000,0.850000,0.870000,0.870000,406600
2019-12-26,0.870000,0.930000,0.820000,0.830000,0.830000,816100
2019-12-27,0.820000,0.830000,0.700000,0.770000,0.770000,890100
2019-12-30,0.760000,0.780000,0.700000,0.710000,0.710000,604800
2019-12-31,0.710000,0.730000,0.630000,0.650000,0.650000,988100
2020-01-02,0.650000,0.880000,0.630000,0.810000,0.810000,908100
2020-01-03,0.820000,0.840000,0.780000,0.820000,0.820000,320100
2020-01-06,0.840000,0.850000,0.810000,0.820000,0.820000,200000
2020-01-07,0.820000,0.830000,0.800000,0.810000,0.810000,95700
2020-01-08,0.810000,0.820000,0.670000,0.730000,0.730000,581300
2020-01-09,0.730000,0.730000,0.680000,0.700000,0.700000,228300
2020-01-10,0.670000,0.710000,0.660000,0.660000,0.660000,300900
2020-01-13,0.670000,0.710000,0.650000,0.680000,0.680000,399200
2020-01-14,0.680000,0.700000,0.670000,0.670000,0.670000,388600
2020-01-15,0.670000,0.710000,0.670000,0.680000,0.680000,512700
2020-01-16,0.700000,0.720000,0.670000,0.690000,0.690000,283600
2020-01-17,0.680000,0.700000,0.670000,0.670000,0.670000,111600
2020-01-21,0.680000,0.700000,0.650000,0.700000,0.700000,398700
2020-01-22,0.700000,0.700000,0.670000,0.690000,0.690000,187000
2020-01-23,0.690000,0.710000,0.690000,0.700000,0.700000,332000
2020-01-24,0.700000,0.700000,0.670000,0.690000,0.690000,279400
2020-01-27,0.650000,0.690000,0.650000,0.650000,0.650000,128100
2020-01-28,0.660000,0.680000,0.650000,0.670000,0.670000,121300
2020-01-29,0.680000,0.690000,0.660000,0.690000,0.690000,139800
2020-01-30,0.680000,0.680000,0.640000,0.660000,0.660000,275000
2020-01-31,0.670000,0.680000,0.640000,0.650000,0.650000,388100
2020-02-03,0.650000,0.650000,0.550000,0.590000,0.590000,446000
2020-02-04,0.550000,0.600000,0.550000,0.560000,0.560000,365100
2020-02-05,0.570000,0.590000,0.540000,0.560000,0.560000,238200
2020-02-06,0.550000,0.560000,0.550000,0.560000,0.560000,276200
2020-02-07,0.560000,0.560000,0.540000,0.540000,0.540000,228900
2020-02-10,0.520000,0.570000,0.520000,0.560000,0.560000,156300
2020-02-11,0.570000,0.640000,0.560000,0.610000,0.610000,221700
2020-02-12,0.620000,0.660000,0.590000,0.610000,0.610000,386400
2020-02-13,0.610000,0.630000,0.570000,0.580000,0.580000,227300
2020-02-14,0.590000,0.610000,0.560000,0.570000,0.570000,187700
2020-02-18,0.560000,0.600000,0.560000,0.590000,0.590000,220600
2020-02-19,0.580000,0.600000,0.570000,0.580000,0.580000,77800
2020-02-20,0.580000,0.580000,0.560000,0.570000,0.570000,240200
2020-02-21,0.570000,0.580000,0.540000,0.550000,0.550000,210900
2020-02-24,0.540000,0.540000,0.500000,0.530000,0.530000,362000
2020-02-25,0.530000,0.530000,0.460000,0.480000,0.480000,629100
2020-02-26,0.490000,0.500000,0.460000,0.480000,0.480000,328600
2020-02-27,0.470000,0.500000,0.450000,0.480000,0.480000,387100
2020-02-28,0.490000,0.500000,0.420000,0.440000,0.440000,431400
2020-03-02,0.440000,0.490000,0.400000,0.420000,0.420000,622200
2020-03-03,0.450000,0.720000,0.450000,0.550000,0.550000,7698300
2020-03-04,0.500000,0.580000,0.500000,0.530000,0.530000,909400
2020-03-05,0.500000,0.530000,0.450000,0.470000,0.470000,817700
2020-03-06,0.500000,0.500000,0.430000,0.430000,0.430000,662600
2020-03-09,0.390000,0.420000,0.310000,0.330000,0.330000,1453900
2020-03-10,0.420000,0.420000,0.330000,0.340000,0.340000,1014800
2020-03-11,0.390000,0.400000,0.280000,0.310000,0.310000,2168200
2020-03-12,0.310000,0.310000,0.260000,0.280000,0.280000,547400
2020-03-13,0.300000,0.320000,0.250000,0.270000,0.270000,525400
2020-03-16,0.260000,0.260000,0.220000,0.250000,0.250000,444200
2020-03-17,0.260000,0.280000,0.220000,0.230000,0.230000,519000
2020-03-18,0.250000,0.280000,0.230000,0.240000,0.240000,450800
2020-03-19,0.230000,0.300000,0.230000,0.250000,0.250000,1037600
2020-03-20,0.280000,0.450000,0.270000,0.370000,0.370000,9409000
2020-03-23,0.370000,0.430000,0.250000,0.280000,0.280000,2341600
2020-03-24,0.300000,0.320000,0.280000,0.300000,0.300000,961900
2020-03-25,0.300000,0.330000,0.300000,0.300000,0.300000,732200
2020-03-26,0.320000,0.400000,0.310000,0.360000,0.360000,1750900
2020-03-27,0.320000,0.320000,0.250000,0.290000,0.290000,1930200
2020-03-30,0.290000,0.300000,0.270000,0.270000,0.270000,580700
2020-03-31,0.270000,0.290000,0.260000,0.260000,0.260000,1047800
2020-04-01,0.250000,0.270000,0.250000,0.250000,0.250000,949600
2020-04-02,0.260000,0.280000,0.230000,0.240000,0.240000,1175500
2020-04-03,0.260000,0.420000,0.240000,0.290000,0.290000,14364900
2020-04-06,0.280000,0.310000,0.260000,0.280000,0.280000,1300900
2020-04-07,0.300000,0.300000,0.270000,0.280000,0.280000,635300
2020-04-08,0.280000,0.290000,0.270000,0.280000,0.280000,678700
2020-04-09,0.300000,0.330000,0.290000,0.310000,0.310000,2664000
2020-04-13,0.330000,0.340000,0.290000,0.300000,0.300000,1451100
2020-04-14,0.320000,0.330000,0.300000,0.310000,0.310000,881900
2020-04-15,0.310000,0.310000,0.270000,0.300000,0.300000,1321500
2020-04-16,0.300000,0.310000,0.280000,0.300000,0.300000,1106800
2020-04-17,0.300000,0.300000,0.270000,0.280000,0.280000,1362100
2020-04-20,0.280000,0.300000,0.250000,0.270000,0.270000,1544700
2020-04-21,0.280000,0.280000,0.250000,0.270000,0.270000,911900
2020-04-22,0.270000,0.270000,0.250000,0.270000,0.270000,536400
2020-04-23,0.290000,0.310000,0.270000,0.290000,0.290000,3151400
2020-04-24,0.320000,0.420000,0.310000,0.330000,0.330000,10688200
2020-04-27,0.310000,0.330000,0.290000,0.320000,0.320000,1065600
2020-04-28,0.340000,0.350000,0.320000,0.340000,0.340000,1228200
2020-04-29,0.350000,0.360000,0.340000,0.340000,0.340000,836800
2020-04-30,0.350000,0.370000,0.310000,0.350000,0.350000,1330700
2020-05-01,0.350000,0.360000,0.320000,0.320000,0.320000,669800
2020-05-04,0.340000,0.350000,0.300000,0.320000,0.320000,956800
2020-05-05,0.340000,0.410000,0.330000,0.360000,0.360000,3197600
2020-05-06,0.380000,0.390000,0.350000,0.370000,0.370000,505800
2020-05-07,0.390000,0.420000,0.370000,0.410000,0.410000,2201100
2020-05-08,0.450000,0.450000,0.370000,0.420000,0.420000,1297300
2020-05-11,0.420000,0.420000,0.390000,0.400000,0.400000,778700
2020-05-12,0.390000,0.440000,0.390000,0.440000,0.440000,1222500
2020-05-13,0.460000,0.460000,0.370000,0.380000,0.380000,1135100
2020-05-14,0.390000,0.400000,0.370000,0.380000,0.380000,429200
2020-05-15,0.380000,0.400000,0.360000,0.370000,0.370000,513200
2020-05-18,0.370000,0.430000,0.360000,0.420000,0.420000,1464100
2020-05-19,0.450000,0.460000,0.430000,0.450000,0.450000,767800
2020-05-20,0.450000,0.490000,0.440000,0.490000,0.490000,815800
2020-05-21,0.500000,0.680000,0.500000,0.640000,0.640000,3740600
2020-05-22,0.600000,0.650000,0.550000,0.590000,0.590000,1863500
2020-05-26,0.560000,0.610000,0.530000,0.580000,0.580000,1092500
2020-05-27,0.610000,0.610000,0.530000,0.550000,0.550000,780500
2020-05-28,0.540000,0.550000,0.480000,0.490000,0.490000,782900
2020-05-29,0.570000,0.680000,0.530000,0.670000,0.670000,3599500
2020-06-01,0.650000,0.670000,0.610000,0.640000,0.640000,1125200
2020-06-02,0.640000,0.650000,0.590000,0.630000,0.630000,544400
2020-06-03,0.620000,0.970000,0.610000,0.920000,0.920000,6967700
2020-06-04,0.840000,0.900000,0.780000,0.830000,0.830000,2688000
2020-06-05,0.810000,0.930000,0.800000,0.810000,0.810000,2240900
2020-06-08,0.850000,0.880000,0.820000,0.830000,0.830000,1353900
2020-06-09,0.840000,0.850000,0.780000,0.790000,0.790000,1064900
2020-06-10,0.830000,0.860000,0.790000,0.800000,0.800000,716100
2020-06-11,0.770000,0.800000,0.650000,0.680000,0.680000,1448400
2020-06-12,0.730000,0.850000,0.730000,0.830000,0.830000,1026200
2020-06-15,0.760000,0.800000,0.750000,0.800000,0.800000,636600
2020-06-16,0.820000,0.850000,0.780000,0.810000,0.810000,766100
2020-06-17,0.840000,0.840000,0.760000,0.780000,0.780000,463000
2020-06-18,0.780000,0.800000,0.750000,0.750000,0.750000,315600
2020-06-19,0.770000,0.800000,0.750000,0.780000,0.780000,538800
2020-06-22,0.760000,0.780000,0.700000,0.720000,0.720000,675300
2020-06-23,0.710000,0.750000,0.710000,0.710000,0.710000,274100
2020-06-24,0.710000,0.720000,0.670000,0.700000,0.700000,261000
2020-06-25,0.650000,0.720000,0.650000,0.700000,0.700000,235000
2020-06-26,0.690000,0.700000,0.650000,0.650000,0.650000,509400
2020-06-29,0.650000,0.680000,0.640000,0.660000,0.660000,268500
2020-06-30,0.690000,0.720000,0.660000,0.710000,0.710000,539400
2020-07-01,0.710000,0.750000,0.710000,0.740000,0.740000,517300
2020-07-02,0.750000,0.800000,0.730000,0.770000,0.770000,439800
2020-07-06,0.820000,0.830000,0.730000,0.740000,0.740000,688000
2020-07-07,0.730000,0.760000,0.730000,0.740000,0.740000,255500
2020-07-08,0.740000,0.760000,0.720000,0.730000,0.730000,220100
2020-07-09,0.740000,0.760000,0.720000,0.740000,0.740000,257700
2020-07-10,0.750000,0.760000,0.730000,0.750000,0.750000,272500
2020-07-13,0.780000,0.780000,0.720000,0.720000,0.720000,312800
2020-07-14,0.750000,0.760000,0.720000,0.750000,0.750000,176500
2020-07-15,0.750000,0.770000,0.730000,0.760000,0.760000,375500
2020-07-16,0.750000,0.780000,0.740000,0.760000,0.760000,441700
2020-07-17,0.780000,0.810000,0.760000,0.800000,0.800000,530600
2020-07-20,0.800000,0.870000,0.790000,0.830000,0.830000,1131800
2020-07-21,0.860000,0.940000,0.840000,0.900000,0.900000,1093400
2020-07-22,0.910000,1.090000,0.880000,0.990000,0.990000,2828400
2020-07-23,0.990000,1.140000,0.990000,1.120000,1.120000,1657900
2020-07-24,1.110000,1.120000,1.010000,1.060000,1.060000,1201900
2020-07-27,1.060000,1.510000,1.010000,1.280000,1.280000,7433800
2020-07-28,1.310000,1.430000,1.300000,1.400000,1.400000,2403100
2020-07-29,1.490000,1.830000,1.420000,1.750000,1.750000,7762300
2020-07-30,1.920000,2.750000,1.890000,2.350000,2.350000,19796900
2020-07-31,2.750000,2.780000,2.110000,2.350000,2.350000,10715400
2020-08-03,2.380000,2.410000,1.860000,2.130000,2.130000,7728300
2020-08-04,1.910000,2.050000,1.840000,1.900000,1.900000,4177100
2020-08-05,1.930000,2.530000,1.910000,2.530000,2.530000,8612900
2020-08-06,2.470000,3.120000,2.300000,2.770000,2.770000,10681700
2020-08-07,2.640000,2.950000,2.510000,2.690000,2.690000,4476600
2020-08-10,2.740000,3.300000,2.690000,3.240000,3.240000,6359000
2020-08-11,3.400000,4.130000,3.180000,3.500000,3.500000,22700400
2020-08-12,4.100000,4.420000,3.750000,4.060000,4.060000,25369000
2020-08-13,3.760000,4.050000,3.400000,3.770000,3.770000,9357600
2020-08-14,3.440000,3.660000,3.300000,3.420000,3.420000,4507100
2020-08-17,3.570000,4.590000,3.500000,4.460000,4.460000,9804800
2020-08-18,4.530000,5.330000,4.510000,5.060000,5.060000,15610400
2020-08-19,5.060000,5.290000,4.620000,4.650000,4.650000,8838700
2020-08-20,4.710000,5.130000,4.430000,4.890000,4.890000,8056100
2020-08-21,4.870000,4.980000,4.090000,4.100000,4.100000,7461300
2020-08-24,4.160000,4.440000,3.700000,4.110000,4.110000,5696600
2020-08-25,4.080000,4.260000,3.960000,4.020000,4.020000,2992200
2020-08-26,3.900000,4.040000,3.250000,3.320000,3.320000,7689900
2020-08-27,3.300000,4.200000,3.300000,3.800000,3.800000,9028600
2020-08-28,4.170000,4.280000,3.930000,4.140000,4.140000,5336500
2020-08-31,4.120000,4.140000,3.860000,3.960000,3.960000,2529200
2020-09-01,4.050000,4.460000,3.990000,4.380000,4.380000,4766800
2020-09-02,4.400000,4.680000,4.350000,4.520000,4.520000,4386600
2020-09-03,4.370000,4.450000,3.800000,4.030000,4.030000,3601700
2020-09-04,4.070000,4.250000,3.760000,4.220000,4.220000,2708900
2020-09-08,4.010000,4.370000,3.980000,4.150000,4.150000,2198700
2020-09-09,4.180000,4.900000,4.180000,4.620000,4.620000,9266700
2020-09-10,4.700000,4.830000,4.380000,4.580000,4.580000,3289600
2020-09-11,4.690000,5.090000,4.470000,4.630000,4.630000,6115300
2020-09-14,4.920000,5.050000,4.780000,5.000000,5.000000,3885200
2020-09-15,5.000000,5.140000,4.760000,4.800000,4.800000,3196600
2020-09-16,5.250000,6.290000,5.160000,6.070000,6.070000,26385100
2020-09-17,5.850000,6.230000,5.510000,6.100000,6.100000,6146600
2020-09-18,6.150000,7.240000,6.130000,7.100000,7.100000,16285000
2020-09-21,6.980000,7.840000,6.550000,7.710000,7.710000,10026100
2020-09-22,8.100000,8.470000,7.590000,8.000000,8.000000,12802900
2020-09-23,7.860000,8.140000,7.280000,7.350000,7.350000,8571300
2020-09-24,7.210000,7.390000,6.450000,6.630000,6.630000,8141000
2020-09-25,6.920000,7.200000,6.540000,6.560000,6.560000,6198300
2020-09-28,6.750000,6.920000,6.410000,6.630000,6.630000,5110400
2020-09-29,6.680000,8.000000,6.650000,7.860000,7.860000,10710700
2020-09-30,7.920000,7.950000,7.220000,7.310000,7.310000,7246200
2020-10-01,7.390000,7.950000,7.390000,7.850000,7.850000,6417800
2020-10-02,7.500000,7.820000,7.230000,7.470000,7.470000,5998200
2020-10-05,7.750000,8.620000,7.730000,8.400000,8.400000,10905100
2020-10-06,8.470000,9.020000,8.000000,8.490000,8.490000,9793500
2020-10-07,8.850000,9.150000,8.570000,8.800000,8.800000,5997800
2020-10-08,8.700000,9.190000,8.680000,8.910000,8.910000,4171600
2020-10-09,8.990000,9.080000,8.650000,8.830000,8.830000,3887700
2020-10-12,8.900000,8.990000,8.170000,8.360000,8.360000,4622000
2020-10-13,8.330000,9.190000,8.320000,8.920000,8.920000,5493300
2020-10-14,8.970000,9.660000,8.920000,9.550000,9.550000,5219200
2020-10-15,9.290000,9.810000,9.160000,9.700000,9.700000,3948500
2020-10-16,9.720000,10.800000,9.680000,10.150000,10.150000,7416600
2020-10-19,10.580000,11.000000,10.150000,10.830000,10.830000,5478500
2020-10-20,11.000000,11.440000,10.190000,10.640000,10.640000,7340900
2020-10-21,10.530000,11.130000,10.450000,10.630000,10.630000,3957200
2020-10-22,10.550000,10.650000,8.900000,9.110000,9.110000,9898700
2020-10-23,9.460000,9.470000,8.610000,8.870000,8.870000,5397700